Year,importer,Supplier,Trade Flow,Trade Value
2023,Germany,China,Import,4396.111
2023,Germany,China,Import,48058.475
2023,Germany,China,Import,522297.651
2023,Germany,China,Import,9543.442
2023,Germany,China,Import,2152344822
2023,Germany,China,Import,6419771.886
2023,Germany,China,Import,6126161620
2023,Germany,China,Import,1255932684
2023,Germany,China,Import,59822457.96
2023,Germany,China,Import,60772.525
2023,Germany,China,Import,36412928.04
2023,Germany,China,Import,60374958.16
2023,Germany,China,Import,87019.443
2023,Germany,China,Import,6106246.976
2023,Germany,China,Import,2018329.485
2023,Germany,China,Import,43591.495
2023,Germany,China,Import,33097.306
2023,Germany,China,Import,130397.238
2023,Germany,China,Import,879236.336
2023,Germany,China,Import,1861.151
2023,Germany,China,Import,164711.325
2023,Germany,China,Import,248038.995
2023,Germany,China,Import,439.393
2023,Germany,China,Import,1886382.923
2023,Germany,China,Import,1638383109
2023,Germany,China,Import,478891.508
2023,Germany,China,Import,13670.247
2023,Germany,China,Import,81060.925
2023,Germany,China,Import,206050.249
2023,Germany,China,Import,48097.726
2023,Germany,China,Import,352898.013
2023,Germany,China,Import,74056.804
2023,Germany,China,Import,762522.428
2023,Germany,China,Import,11113844.59
2023,Germany,China,Import,79200.864
2023,Germany,China,Import,76.321
2023,Germany,China,Import,27273.986
2023,Germany,China,Import,14.174
2023,Germany,China,Import,1083765.609
2023,Germany,China,Import,167540792.9
2023,Germany,China,Import,21725.423
2023,Germany,China,Import,41480251.48
2023,Germany,China,Import,51290596.88
2023,Germany,China,Import,3945.815
2023,Germany,China,Import,89089.933
2023,Germany,China,Import,1239559370
2023,Germany,China,Import,103957.336
2023,Germany,China,Import,33907.403
2023,Germany,China,Import,10302.294
2023,Germany,China,Import,582.223
2023,Germany,China,Import,114683.759
2023,Germany,China,Import,1082948.97
2023,Germany,China,Import,261.673
2023,Germany,China,Import,457.928
2023,Germany,China,Import,1336612.85
2023,Germany,China,Import,101813.795
2023,Germany,China,Import,1263496611
2023,Germany,China,Import,1335235117
2023,Germany,China,Import,874.425
2023,Germany,China,Import,2022484.638
2023,Germany,China,Import,1005.261
2023,Germany,China,Import,63209.357
2023,Germany,China,Import,1.75605E+11
2023,Germany,China,Import,11285.75
2023,Germany,China,Import,117942138.2
2023,Germany,China,Import,84242.436
2023,Germany,China,Import,4252634.268
2023,Germany,China,Import,49867.292
2023,Germany,China,Import,26042566.97
2023,Germany,China,Import,11287.93
2023,Germany,China,Import,155877425.7
2023,Germany,China,Import,79623.903
2023,Germany,China,Import,2494097.269
2023,Germany,China,Import,961778731.6
2023,Germany,China,Import,11214.88
2023,Germany,China,Import,1938.563
2023,Germany,China,Import,43307847.33
2023,Germany,China,Import,16945.524
2023,Germany,China,Import,1851.338
2023,Germany,China,Import,87084278.41
2023,Germany,China,Import,5321.78
2023,Germany,China,Import,1726653.203
2023,Germany,China,Import,53145356.59
2023,Germany,China,Import,76875.243
2023,Germany,China,Import,87035.798
2023,Germany,China,Import,3023.416
2023,Germany,China,Import,100019740.7
2023,Germany,China,Import,446292942.5
2023,Germany,China,Import,4108.27
2023,Germany,China,Import,32938228586
2023,Germany,China,Import,46348.877
2023,Germany,China,Import,76945574.5
2023,Germany,China,Import,746.859
2023,Germany,China,Import,1918.937
2023,Germany,China,Import,1787853451
2023,Germany,China,Import,16536.66
2023,Germany,China,Import,933.301
2023,Germany,China,Import,186838426.2
2023,Germany,China,Import,767.575
2023,Germany,China,Import,38282.798
2023,Germany,China,Import,40462.319
2023,Germany,China,Import,25417.196
2023,Germany,China,Import,1897373.2
2023,Germany,China,Import,10956.478
2023,Germany,China,Import,351112.093
2023,Germany,China,Import,25429.19
2023,Germany,China,Import,55586204.44
2023,Germany,China,Import,36128.355
2023,Germany,China,Import,17559.366
2023,Germany,China,Import,69.78
2023,Germany,China,Import,14099.828
2023,Germany,China,Import,1047.783
2023,Germany,China,Import,391.42
2023,Germany,China,Import,373.975
2023,Germany,China,Import,34365.331
2023,Germany,China,Import,2972.172
2023,Germany,China,Import,2645237918
2023,Germany,China,Import,8237.256
2023,Germany,China,Import,648532.104
2023,Germany,China,Import,24687.782
2023,Germany,China,Import,7316292.831
2023,Germany,China,Import,1829.532
2023,Germany,China,Import,12976.813
2023,Germany,China,Import,95599593534
2023,Germany,China,Import,6211529370
2023,Germany,China,Import,185.352
2023,Germany,China,Import,1210.239
2023,Germany,China,Import,187.533
2023,Germany,China,Import,101.398
2023,Germany,China,Import,1446.835
2023,Germany,China,Import,828070.49
2023,Germany,China,Import,428677089.7
2023,Germany,China,Import,847738.507
2023,Germany,China,Import,3043442.123
2023,Germany,China,Import,730.505
2023,Germany,China,Import,9894673.968
2023,Germany,China,Import,26146998.59
2023,Germany,China,Import,353.259
2023,Germany,China,Import,20879.346
2023,Germany,China,Import,3587.104
2023,Germany,China,Import,64588877.87
2023,Germany,China,Import,1480424.114
2023,Germany,China,Import,4005.782
2023,Germany,China,Import,4757.002
2023,Germany,China,Import,52090312.89
2023,Germany,China,Import,672017.279
2023,Germany,China,Import,664243584.7
2023,Germany,China,Import,87.224
2023,Germany,China,Import,12382.597
2023,Germany,China,Import,416853315.8
2023,Germany,China,Import,1066.319
2023,Germany,China,Import,2765.014
2023,Germany,China,Import,2073.761
2023,Germany,China,Import,41607.139
2023,Germany,China,Import,2400.852
2023,Germany,China,Import,2878282.682
2023,Germany,China,Import,5396154007
2023,Germany,China,Import,36247077.35
2023,Germany,China,Import,272652.636
2023,Germany,China,Import,88.315
2023,Germany,China,Import,98180.898
2023,Germany,China,Import,428426435.1
2023,Germany,China,Import,353302.516
2023,Germany,China,Import,1520.976
2023,Germany,China,Import,6585.444
2023,Germany,China,Import,240835.348
2023,Germany,China,Import,2807.536
2023,Germany,China,Import,70445.713
2023,Germany,China,Import,639525.092
2023,Germany,China,Import,1858130.933
2023,Germany,China,Import,107856.267
2023,Germany,China,Import,2573.12
2023,Germany,China,Import,714.15
2023,Germany,China,Import,373124137.4
2023,Germany,China,Import,1584525.37
2023,Germany,China,Import,581.133
2023,Germany,China,Import,114200.754
2023,Germany,China,Import,101.398
2023,Germany,China,Import,145770.542
2023,Germany,China,Import,3996806.132
2023,Germany,China,Import,69572415.71
2023,Germany,China,Import,3354312.139
2023,Germany,China,Import,2036.69
2023,Germany,China,Import,414786669.4
2023,Germany,China,Import,73426.608
2023,Germany,China,Import,248298.488
2023,Germany,China,Import,1281.109
2023,Germany,China,Import,680358.114
2023,Germany,China,Import,315.098
2023,Germany,China,Import,16714.38
2023,Germany,China,Import,155191.87
2023,Germany,China,Import,3586.014
2023,Germany,China,Import,9167457699
2023,Germany,China,Import,36055076.77
2023,Germany,China,Import,2236973.85
2023,Germany,China,Import,15691125.97
2023,Germany,China,Import,3979000.357
2023,Germany,China,Import,826912333.3
2023,Germany,China,Import,114356.667
2023,Germany,China,Import,736275.51
2023,Germany,China,Import,13873.044
2023,Germany,China,Import,81211.387
2023,Germany,China,Import,2774.827
2023,Germany,China,Import,1747505.291
2023,Germany,China,Import,4049.394
2023,Germany,China,Import,109487659.4
2023,Germany,China,Import,7734.626
2023,Germany,China,Import,106587.152
2023,Germany,China,Import,6201.656
2023,Germany,China,Import,171.178
2023,Germany,China,Import,15845.406
2023,Germany,China,Import,108391.607
2023,Germany,China,Import,102273.904
2023,Germany,China,Import,88344.164
2023,Germany,China,Import,179981.05
2023,Germany,China,Import,55802430.51
2023,Germany,China,Import,52025.006
2023,Germany,China,Import,217836.449
2023,Germany,China,Import,6690.113
2023,Germany,China,Import,510.263
2023,Germany,Japan,Import,218.061
2023,Germany,Japan,Import,7.632
2023,Germany,Japan,Import,3858.59
2023,Germany,Japan,Import,16755.811
2023,Germany,Japan,Import,172836887.4
2023,Germany,Japan,Import,35451.276
2023,Germany,Japan,Import,493272.635
2023,Germany,Japan,Import,1523.156
2023,Germany,Japan,Import,296087358.9
2023,Germany,Japan,Import,616.022
2023,Germany,Japan,Import,7563.448
2023,Germany,Japan,Import,293.292
2023,Germany,Japan,Import,2076736.048
2023,Germany,Japan,Import,3218577.857
2023,Germany,Japan,Import,20736116.69
2023,Germany,Japan,Import,202.797
2023,Germany,Japan,Import,718.511
2023,Germany,Japan,Import,5.452
2023,Germany,Japan,Import,4.361
2023,Germany,Japan,Import,12405827.97
2023,Germany,Japan,Import,226144960.1
2023,Germany,Japan,Import,16.355
2023,Germany,Japan,Import,323954795.9
2023,Germany,Japan,Import,247691680.6
2023,Germany,Japan,Import,3916274.005
2023,Germany,Japan,Import,236.596
2023,Germany,Japan,Import,817.729
2023,Germany,Japan,Import,1.09
2023,Germany,Japan,Import,71726.822
2023,Germany,Japan,Import,8177.289
2023,Germany,Japan,Import,12296.463
2023,Germany,Japan,Import,584.404
2023,Germany,Japan,Import,25.077
2023,Germany,Japan,Import,30118.593
2023,Germany,Japan,Import,3376365.744
2023,Germany,Japan,Import,37667.866
2023,Germany,Japan,Import,16.355
2023,Germany,Japan,Import,257683948.8
2023,Germany,Japan,Import,21220359.42
2023,Germany,Japan,Import,59.967
2023,Germany,Japan,Import,19.625
2023,Germany,Japan,Import,66546.782
2023,Germany,Japan,Import,201.706
2023,Germany,Japan,Import,236129.591
2023,Germany,Japan,Import,8443.324
2023,Germany,Japan,Import,813.368
2023,Germany,Japan,Import,198186.968
2023,Germany,Japan,Import,1.09
2023,Germany,Japan,Import,26124.804
2023,Germany,Japan,Import,1012290.648
2023,Germany,Japan,Import,90606.548
2023,Germany,Japan,Import,3707.038
2023,Germany,Japan,Import,263504.975
2023,Germany,Japan,Import,15886.838
2023,Germany,Japan,Import,3189662.961
2023,Germany,Japan,Import,219059.772
2023,Germany,Japan,Import,16807554884
2023,Germany,Japan,Import,30631051.24
2023,Germany,Japan,Import,55519780.86
2023,Germany,Japan,Import,68.689
2023,Germany,Japan,Import,420.858
2023,Germany,Japan,Import,119586302.2
2023,Germany,Japan,Import,20913.145
2023,Germany,Japan,Import,3193789.767
2023,Germany,Japan,Import,22163.725
2023,Germany,Japan,Import,937.663
2023,Germany,Japan,Import,9.813
2023,Germany,Japan,Import,890.779
2023,Germany,Japan,Import,739.227
2023,Germany,Japan,Import,20817.198
2023,Germany,Japan,Import,71410.633
2023,Germany,Japan,Import,174687.618
2023,Germany,Japan,Import,137468.958
2023,Germany,Japan,Import,190155355
2023,Germany,Japan,Import,1162.265
2023,Germany,Japan,Import,66349303.28
2023,Germany,Japan,Import,494926.628
2023,Germany,Japan,Import,1642385.69
2023,Germany,Japan,Import,2724.673
2023,Germany,Japan,Import,853565394.8
2023,Germany,Japan,Import,2046.503
2023,Germany,Japan,Import,200.616
2023,Germany,Japan,Import,10707165.09
2023,Germany,Japan,Import,141494403.3
2023,Germany,Japan,Import,385710843.8
2023,Germany,Japan,Import,58645998.96
2023,Germany,Japan,Import,7431.521
2023,Germany,Japan,Import,230.054
2023,Germany,Japan,Import,2232028.226
2023,Germany,Japan,Import,92416.454
2023,Germany,Japan,Import,590.945
2023,Germany,Japan,Import,47647.43
2023,Germany,Japan,Import,17003892.75
2023,Germany,Japan,Import,594734.262
2023,Germany,Japan,Import,60594.805
2023,Germany,Japan,Import,20.716
2023,Germany,Japan,Import,141189.08
2023,Germany,Japan,Import,2539.321
2023,Germany,Japan,Import,173.359
2023,Germany,Japan,Import,25829304.35
2023,Germany,Japan,Import,363.072
2023,Germany,Japan,Import,340.175
2023,Germany,Japan,Import,1476.273
2023,Germany,Japan,Import,13625.545
2023,Germany,Japan,Import,31814.017
2023,Germany,Japan,Import,3446.455
2023,Germany,Japan,Import,24438627.63
2023,Germany,Japan,Import,6154.773
2023,Germany,Japan,Import,172.268
2023,Germany,Japan,Import,1580320.063
2023,Germany,Japan,Import,314.008
2023,Germany,Japan,Import,14748.559
2023,Germany,Japan,Import,33483.275
2023,Germany,Japan,Import,23335.803
2023,Germany,Japan,Import,1928946.26
2023,Germany,Japan,Import,374383.569
2023,Germany,Japan,Import,25873693.95
2023,Germany,Japan,Import,219362.876
2023,Germany,Japan,Import,1082.673
2023,Germany,Japan,Import,32217008.18
2023,Germany,Japan,Import,12794030.07
2023,Germany,Japan,Import,17481486.8
2023,Germany,Japan,Import,5373.024
2023,Germany,Japan,Import,113.392
2023,Germany,Japan,Import,58691358.93
2023,Germany,Japan,Import,4635519027
2023,Germany,Japan,Import,3118243.605
2023,Germany,Japan,Import,12298028.4
2023,Germany,Japan,Import,593974.319
2023,Germany,Japan,Import,128489.204
2023,Germany,Japan,Import,6725493.481
2023,Germany,Japan,Import,16963900.36
2023,Germany,Japan,Import,165969777.5
2023,Germany,Japan,Import,835137.849
2023,Germany,Japan,Import,4915.096
2023,Germany,Japan,Import,66343.985
2023,Germany,Japan,Import,13092.386
2023,Germany,Japan,Import,28316752925
2023,Germany,Japan,Import,841.716
2023,Germany,Japan,Import,176.629
2023,Germany,Japan,Import,438.303
2023,Germany,Japan,Import,13801.084
2023,Germany,Japan,Import,303.105
2023,Germany,Japan,Import,408.864
2023,Germany,Japan,Import,4930.36
2023,Germany,Japan,Import,264.944
2023,Germany,Japan,Import,19.625
2023,Germany,Japan,Import,58.876
2023,Germany,Japan,Import,8448.775
2023,Germany,Japan,Import,1129632.571
2023,Germany,Japan,Import,79380.765
2023,Germany,Japan,Import,4767882.006
2023,Germany,Japan,Import,298.744
2023,Germany,Japan,Import,281999.823
2023,Germany,Japan,Import,44685.071
2023,Germany,Japan,Import,118859.628
2023,Germany,Japan,Import,10796273.55
2023,Germany,Japan,Import,779.568
2023,Germany,Japan,Import,59966.789
2023,Germany,Japan,Import,1.09
2023,Germany,Japan,Import,939.843
2023,Germany,Japan,Import,1483179.316
2023,Germany,Japan,Import,2900740013
2023,Germany,Japan,Import,811.187
2023,Germany,Japan,Import,5120966.461
2023,Germany,Japan,Import,5001210.602
2023,Germany,Japan,Import,5.452
2023,Germany,Japan,Import,378.336
2023,Germany,Japan,Import,127.566
2023,Germany,Japan,Import,5.452
2023,Germany,Rep. of Korea,Import,163.546
2023,Germany,Rep. of Korea,Import,13.084
2023,Germany,Rep. of Korea,Import,81759.811
2023,Germany,Rep. of Korea,Import,156653699.1
2023,Germany,Rep. of Korea,Import,38489806.92
2023,Germany,Rep. of Korea,Import,1512.253
2023,Germany,Rep. of Korea,Import,760016.907
2023,Germany,Rep. of Korea,Import,1241473.904
2023,Germany,Rep. of Korea,Import,1822.99
2023,Germany,Rep. of Korea,Import,26041.941
2023,Germany,Rep. of Korea,Import,105.76
2023,Germany,Rep. of Korea,Import,294587247.1
2023,Germany,Rep. of Korea,Import,188853.955
2023,Germany,Rep. of Korea,Import,74511.461
2023,Germany,Rep. of Korea,Import,6461063.927
2023,Germany,Rep. of Korea,Import,190794364.4
2023,Germany,Rep. of Korea,Import,448044.592
2023,Germany,Rep. of Korea,Import,172515.73
2023,Germany,Rep. of Korea,Import,808293.443
2023,Germany,Rep. of Korea,Import,2605.83
2023,Germany,Rep. of Korea,Import,4.361
2023,Germany,Rep. of Korea,Import,801.374
2023,Germany,Rep. of Korea,Import,16388235.53
2023,Germany,Rep. of Korea,Import,126708.735
2023,Germany,Rep. of Korea,Import,123754167.4
2023,Germany,Rep. of Korea,Import,6.542
2023,Germany,Rep. of Korea,Import,16.355
2023,Germany,Rep. of Korea,Import,416778.998
2023,Germany,Rep. of Korea,Import,78.502
2023,Germany,Rep. of Korea,Import,20.716
2023,Germany,Rep. of Korea,Import,10.903
2023,Germany,Rep. of Korea,Import,12683619.22
2023,Germany,Rep. of Korea,Import,1283.289
2023,Germany,Rep. of Korea,Import,15.264
2023,Germany,Rep. of Korea,Import,2418.297
2023,Germany,Rep. of Korea,Import,6603.979
2023,Germany,Rep. of Korea,Import,4495196.66
2023,Germany,Rep. of Korea,Import,31477.113
2023,Germany,Rep. of Korea,Import,3241165.711
2023,Germany,Rep. of Korea,Import,1479500282
2023,Germany,Rep. of Korea,Import,57.786
2023,Germany,Rep. of Korea,Import,9849.818
2023,Germany,Rep. of Korea,Import,4944137.483
2023,Germany,Rep. of Korea,Import,218954050.2
2023,Germany,Rep. of Korea,Import,219829.527
2023,Germany,Rep. of Korea,Import,62.147
2023,Germany,Rep. of Korea,Import,235542328.4
2023,Germany,Rep. of Korea,Import,33830364.49
2023,Germany,Rep. of Korea,Import,527.708
2023,Germany,Rep. of Korea,Import,89966385.89
2023,Germany,Rep. of Korea,Import,125693.661
2023,Germany,Rep. of Korea,Import,389.239
2023,Germany,Rep. of Korea,Import,5933011.645
2023,Germany,Rep. of Korea,Import,792.652
2023,Germany,Rep. of Korea,Import,55921763.33
2023,Germany,Rep. of Korea,Import,15047524080
2023,Germany,Rep. of Korea,Import,9939871525
2023,Germany,Rep. of Korea,Import,114503923.8
2023,Germany,Rep. of Korea,Import,10.903
2023,Germany,Rep. of Korea,Import,105042994
2023,Germany,Rep. of Korea,Import,15.264
2023,Germany,Rep. of Korea,Import,198.436
2023,Germany,Rep. of Korea,Import,199073.386
2023,Germany,Rep. of Korea,Import,2095298.495
2023,Germany,Rep. of Korea,Import,3555.485
2023,Germany,Rep. of Korea,Import,103.579
2023,Germany,Rep. of Korea,Import,30691690.75
2023,Germany,Rep. of Korea,Import,18392618.92
2023,Germany,Rep. of Korea,Import,19834.833
2023,Germany,Rep. of Korea,Import,154.823
2023,Germany,Rep. of Korea,Import,55947.924
2023,Germany,Rep. of Korea,Import,8082.433
2023,Germany,Rep. of Korea,Import,76719.33
2023,Germany,Rep. of Korea,Import,59335.503
2023,Germany,Rep. of Korea,Import,605.119
2023,Germany,Rep. of Korea,Import,706005.365
2023,Germany,Rep. of Korea,Import,148.282
2023,Germany,Rep. of Korea,Import,21806.105
2023,Germany,Rep. of Korea,Import,101745.106
2023,Germany,Rep. of Korea,Import,5226.923
2023,Germany,Rep. of Korea,Import,433294.942
2023,Germany,Rep. of Korea,Import,1392.32
2023,Germany,Rep. of Korea,Import,25714133.23
2023,Germany,Rep. of Korea,Import,3063135.216
2023,Germany,Rep. of Korea,Import,65970.01
2023,Germany,Rep. of Korea,Import,1185.162
2023,Germany,Rep. of Korea,Import,101.398
2023,Germany,Rep. of Korea,Import,330.362
2023,Germany,Rep. of Korea,Import,21846281.86
2023,Germany,Rep. of Korea,Import,11490.727
2023,Germany,Rep. of Korea,Import,15166098.19
2023,Germany,Rep. of Korea,Import,31177.279
2023,Germany,Rep. of Korea,Import,4959.799
2023,Germany,Rep. of Korea,Import,273.667
2023,Germany,Rep. of Korea,Import,678336.688
2023,Germany,Rep. of Korea,Import,153.733
2023,Germany,Rep. of Korea,Import,26925.088
2023,Germany,Rep. of Korea,Import,14571.93
2023,Germany,Rep. of Korea,Import,217826.636
2023,Germany,Rep. of Korea,Import,720944.728
2023,Germany,Rep. of Korea,Import,815.548
2023,Germany,Rep. of Korea,Import,105553097.7
2023,Germany,Rep. of Korea,Import,14.174
2023,Germany,Rep. of Korea,Import,167236577
2023,Germany,Rep. of Korea,Import,10456.027
2023,Germany,Rep. of Korea,Import,3522.776
2023,Germany,Rep. of Korea,Import,291.112
2023,Germany,Rep. of Korea,Import,545.153
2023,Germany,Rep. of Korea,Import,11297.743
2023,Germany,Rep. of Korea,Import,1238.587
2023,Germany,Rep. of Korea,Import,3309368.666
2023,Germany,Rep. of Korea,Import,2818.439
2023,Germany,Rep. of Korea,Import,3667711.664
2023,Germany,Rep. of Korea,Import,112491217
2023,Germany,Rep. of Korea,Import,187.533
2023,Germany,Rep. of Korea,Import,8.722
2023,Germany,Rep. of Korea,Import,25905962.62
2023,Germany,Rep. of Korea,Import,5282.529
2023,Germany,Rep. of Korea,Import,137510.39
2023,Germany,Rep. of Korea,Import,10.903
2023,Germany,Rep. of Korea,Import,4529.128
2023,Germany,Rep. of Korea,Import,37148142.68
2023,Germany,Rep. of Korea,Import,1066.319
2023,Germany,Rep. of Korea,Import,1535558.671
2023,Germany,Rep. of Korea,Import,17536.47
2023,Germany,Rep. of Korea,Import,626080339.5
2023,Germany,Rep. of Korea,Import,185.352
2023,Germany,Rep. of Korea,Import,94.857
2023,Germany,Rep. of Korea,Import,558.236
2023,Germany,Rep. of Korea,Import,395.781
2023,Germany,Rep. of Korea,Import,659516740.7
2023,Germany,Rep. of Korea,Import,48123481.43
2023,Germany,Rep. of Korea,Import,1274.567
2023,Germany,Rep. of Korea,Import,296.563
2023,Germany,Rep. of Korea,Import,133.017
2023,Germany,Rep. of Korea,Import,4.361
2023,Germany,Rep. of Korea,Import,1510.073
2023,Germany,Rep. of Korea,Import,174.449
2023,Germany,Rep. of Korea,Import,6868.923
2023,Germany,Netherlands,Import,23.987
2023,Germany,Netherlands,Import,3627.446
2023,Germany,Netherlands,Import,536.43
2023,Germany,Netherlands,Import,8693001.657
2023,Germany,Netherlands,Import,1.09
2023,Germany,Netherlands,Import,202118071
2023,Germany,Netherlands,Import,481265.103
2023,Germany,Netherlands,Import,109212.607
2023,Germany,Netherlands,Import,337953.199
2023,Germany,Netherlands,Import,43522.805
2023,Germany,Netherlands,Import,9495.469
2023,Germany,Netherlands,Import,1151162.829
2023,Germany,Netherlands,Import,146056.202
2023,Germany,Netherlands,Import,112.301
2023,Germany,Netherlands,Import,33077.681
2023,Germany,Netherlands,Import,21561769.97
2023,Germany,Netherlands,Import,4894749.926
2023,Germany,Netherlands,Import,1265999.23
2023,Germany,Netherlands,Import,87.224
2023,Germany,Netherlands,Import,117571.977
2023,Germany,Netherlands,Import,1.04195E+11
2023,Germany,Netherlands,Import,717933.305
2023,Germany,Netherlands,Import,734116.706
2023,Germany,Netherlands,Import,77643942.28
2023,Germany,Netherlands,Import,2526.237
2023,Germany,Netherlands,Import,5276881.203
2023,Germany,Netherlands,Import,3668.877
2023,Germany,Netherlands,Import,136.288
2023,Germany,Netherlands,Import,6192.934
2023,Germany,Netherlands,Import,204.977
2023,Germany,Netherlands,Import,488.457
2023,Germany,Netherlands,Import,11174.539
2023,Germany,Netherlands,Import,409.955
2023,Germany,Netherlands,Import,459779.548
2023,Germany,Netherlands,Import,2649584.612
2023,Germany,Netherlands,Import,2.181
2023,Germany,Netherlands,Import,328.182
2023,Germany,Netherlands,Import,33667699.67
2023,Germany,Netherlands,Import,26.167
2023,Germany,Netherlands,Import,25348522.25
2023,Germany,Netherlands,Import,183580.148
2023,Germany,Netherlands,Import,804872.065
2023,Germany,Netherlands,Import,293409.868
2023,Germany,Netherlands,Import,22984423.17
2023,Germany,Netherlands,Import,11348.987
2023,Germany,Netherlands,Import,768.665
2023,Germany,Netherlands,Import,15817.058
2023,Germany,Netherlands,Import,139034.636
2023,Germany,Netherlands,Import,130633338.3
2023,Germany,Netherlands,Import,1606332.566
2023,Germany,Netherlands,Import,78783.277
2023,Germany,Netherlands,Import,174.449
2023,Germany,Netherlands,Import,423.038
2023,Germany,Netherlands,Import,8975.393
2023,Germany,Netherlands,Import,203.887
2023,Germany,Netherlands,Import,263047.047
2023,Germany,Netherlands,Import,480.825
2023,Germany,Netherlands,Import,94.857
2023,Germany,Netherlands,Import,175.539
2023,Germany,Netherlands,Import,4.361
2023,Germany,Netherlands,Import,41070.709
2023,Germany,Netherlands,Import,80562.656
2023,Germany,Netherlands,Import,49511872.88
2023,Germany,Netherlands,Import,1713832.303
2023,Germany,Netherlands,Import,4288470.422
2023,Germany,Netherlands,Import,1.06682E+11
2023,Germany,Netherlands,Import,20117497.11
2023,Germany,Netherlands,Import,6365769.067
2023,Germany,Netherlands,Import,241208.233
2023,Germany,Netherlands,Import,347957721.2
2023,Germany,Netherlands,Import,43.612
2023,Germany,Netherlands,Import,878.786
2023,Germany,Netherlands,Import,40.341
2023,Germany,Netherlands,Import,169223007.4
2023,Germany,Netherlands,Import,12832363.02
2023,Germany,Netherlands,Import,11385882.29
2023,Germany,Netherlands,Import,11.993
2023,Germany,Netherlands,Import,187182689
2023,Germany,Netherlands,Import,195107.946
2023,Germany,Netherlands,Import,5217.111
2023,Germany,Netherlands,Import,535.34
2023,Germany,Netherlands,Import,57241.026
2023,Germany,Netherlands,Import,228.964
2023,Germany,Netherlands,Import,49.064
2023,Germany,Netherlands,Import,2034.51
2023,Germany,Netherlands,Import,12959717.22
2023,Germany,Netherlands,Import,1.09
2023,Germany,Netherlands,Import,360039.513
2023,Germany,Netherlands,Import,7178932.903
2023,Germany,Netherlands,Import,4650.152
2023,Germany,Netherlands,Import,97066.606
2023,Germany,Netherlands,Import,848229.144
2023,Germany,Netherlands,Import,158048.47
2023,Germany,Netherlands,Import,335.814
2023,Germany,Netherlands,Import,1080.493
2023,Germany,Netherlands,Import,4.361
2023,Germany,Netherlands,Import,16.355
2023,Germany,Netherlands,Import,16.355
2023,Germany,Netherlands,Import,2.181
2023,Germany,Netherlands,Import,11442.754
2023,Germany,Netherlands,Import,1740.127
2023,Germany,Netherlands,Import,26.167
2023,Germany,Netherlands,Import,492.818
2023,Germany,Netherlands,Import,28485.315
2023,Germany,Netherlands,Import,7839335.161
2023,Germany,Netherlands,Import,329593.829
2023,Germany,Netherlands,Import,121189178.5
2023,Germany,Netherlands,Import,103547617.4
2023,Germany,Netherlands,Import,3921085.522
2023,Germany,Netherlands,Import,850801969.3
2023,Germany,Netherlands,Import,508.082
2023,Germany,Netherlands,Import,48074.83
2023,Germany,Netherlands,Import,4284.9
2023,Germany,Netherlands,Import,9118.223
2023,Germany,Netherlands,Import,21350482.99
2023,Germany,Netherlands,Import,3.271
2023,Germany,Netherlands,Import,104.669
2023,Germany,Netherlands,Import,133.017
2021,Germany,Netherlands,Import,9582614.638
2021,Germany,Netherlands,Import,2648678.905
2021,Germany,Netherlands,Import,661043.194
2021,Germany,Netherlands,Import,34831.585
2021,Germany,Netherlands,Import,979333.528
2021,Germany,Netherlands,Import,6545309.142
2021,Germany,Netherlands,Import,40748.834
2021,Germany,Netherlands,Import,20461.8
2021,Germany,Netherlands,Import,352003.653
2021,Germany,Netherlands,Import,173304.17
2021,Germany,Netherlands,Import,346350.915
2021,Germany,Netherlands,Import,100608.573
2021,Germany,Netherlands,Import,28746392.65
2021,Germany,Netherlands,Import,20210055.21
2021,Germany,Netherlands,Import,137153645.7
2021,Germany,Netherlands,Import,6897641.072
2021,Germany,Netherlands,Import,854.937
2021,Germany,Netherlands,Import,616519.177
2021,Germany,Netherlands,Import,40.149
2021,Germany,Netherlands,Import,7200.834
2021,Germany,Netherlands,Import,4716411.794
2021,Germany,Netherlands,Import,83851.105
2021,Germany,Netherlands,Import,163204281.3
2021,Germany,Netherlands,Import,18371.692
2021,Germany,Netherlands,Import,61935.676
2021,Germany,Netherlands,Import,2423329.873
2021,Germany,Netherlands,Import,50527223.99
2021,Germany,Netherlands,Import,2810260.76
2021,Germany,Netherlands,Import,987806.139
2021,Germany,Netherlands,Import,76969888.15
2021,Germany,Netherlands,Import,2.362
2021,Germany,Netherlands,Import,9316369.165
2021,Germany,Netherlands,Import,15745010.15
2021,Germany,Netherlands,Import,1.04618E+11
2021,Germany,Netherlands,Import,100670319.2
2021,Germany,Netherlands,Import,2704822.504
2021,Germany,Netherlands,Import,868168361.1
2021,Germany,Netherlands,Import,2308906.516
2021,Germany,Netherlands,Import,330.639
2021,Germany,Netherlands,Import,3028878.937
2021,Germany,Netherlands,Import,22108753.88
2021,Germany,Netherlands,Import,3.543
2021,Germany,Netherlands,Import,10.628
2021,Germany,Netherlands,Import,203819494.4
2021,Germany,Netherlands,Import,10020877.15
2021,Germany,Netherlands,Import,134836.742
2021,Germany,Netherlands,Import,1132.437
2021,Germany,Netherlands,Import,155360009.2
2021,Germany,Netherlands,Import,494.777
2021,Germany,Netherlands,Import,10189460.28
2021,Germany,Netherlands,Import,419.202
2021,Germany,Netherlands,Import,24289896.96
2021,Germany,Netherlands,Import,1047.416
2021,Germany,Netherlands,Import,50.777
2021,Germany,Netherlands,Import,70052.852
2021,Germany,Netherlands,Import,29770.454
2021,Germany,Netherlands,Import,99.192
2021,Germany,Netherlands,Import,875381.964
2021,Germany,Netherlands,Import,478621.667
2021,Germany,Netherlands,Import,1948005.145
2021,Germany,Netherlands,Import,35331.086
2021,Germany,Netherlands,Import,103858335.7
2021,Germany,Netherlands,Import,80512.837
2021,Germany,Netherlands,Import,10953835.09
2021,Germany,Netherlands,Import,7187090.281
2021,Germany,Netherlands,Import,1617131.654
2021,Germany,Netherlands,Import,10560899.57
2021,Germany,Netherlands,Import,1.06763E+11
2021,Germany,Netherlands,Import,28321.549
2021,Germany,Netherlands,Import,177.128
2021,Germany,Netherlands,Import,254118.124
2021,Germany,Netherlands,Import,9512.942
2021,Germany,Netherlands,Import,320.011
2021,Germany,Netherlands,Import,876.192
2021,Germany,Netherlands,Import,34998672.24
2021,Germany,Netherlands,Import,415.66
2021,Germany,Netherlands,Import,2086.565
2021,Germany,Netherlands,Import,1352.075
2021,Germany,Netherlands,Import,23.617
2021,Germany,Netherlands,Import,27437649.88
2021,Germany,Netherlands,Import,2806.885
2021,Germany,Netherlands,Import,2717.14
2021,Germany,Netherlands,Import,4546.279
2021,Germany,Netherlands,Import,11.809
2021,Germany,Netherlands,Import,715.596
2021,Germany,Netherlands,Import,132.255
2021,Germany,Netherlands,Import,33980.191
2021,Germany,Netherlands,Import,312.926
2021,Germany,Netherlands,Import,2137.342
2021,Germany,Netherlands,Import,96.83
2021,Germany,Netherlands,Import,1209.192
2021,Germany,Netherlands,Import,101608.754
2021,Germany,Netherlands,Import,1647.288
2021,Germany,Netherlands,Import,1072.213
2021,Germany,Netherlands,Import,6968.206
2021,Germany,Netherlands,Import,1966.118
2021,Germany,Netherlands,Import,11.809
2021,Germany,Netherlands,Import,276.319
2021,Germany,Netherlands,Import,27626.028
2021,Germany,Netherlands,Import,36855.565
2021,Germany,Netherlands,Import,407.394
2021,Germany,Netherlands,Import,129.894
2021,Germany,Netherlands,Import,113.362
2021,Germany,Netherlands,Import,19197.108
2021,Germany,Netherlands,Import,1115.905
2021,Germany,Rep. of Korea,Import,1754350.175
2021,Germany,Rep. of Korea,Import,28503.401
2021,Germany,Rep. of Korea,Import,33353841.34
2021,Germany,Rep. of Korea,Import,19957163.99
2021,Germany,Rep. of Korea,Import,2083.023
2021,Germany,Rep. of Korea,Import,773304.412
2021,Germany,Rep. of Korea,Import,39423.918
2021,Germany,Rep. of Korea,Import,11558.177
2021,Germany,Rep. of Korea,Import,1363632.296
2021,Germany,Rep. of Korea,Import,197642381.9
2021,Germany,Rep. of Korea,Import,4344.354
2021,Germany,Rep. of Korea,Import,345133.457
2021,Germany,Rep. of Korea,Import,24810288.9
2021,Germany,Rep. of Korea,Import,401222712.5
2021,Germany,Rep. of Korea,Import,3846735.706
2021,Germany,Rep. of Korea,Import,109466672
2021,Germany,Rep. of Korea,Import,3149.332
2021,Germany,Rep. of Korea,Import,8730.037
2021,Germany,Rep. of Korea,Import,75.575
2021,Germany,Rep. of Korea,Import,141.702
2021,Germany,Rep. of Korea,Import,13396.764
2021,Germany,Rep. of Korea,Import,37.787
2021,Germany,Rep. of Korea,Import,622497.83
2021,Germany,Rep. of Korea,Import,6037.695
2021,Germany,Rep. of Korea,Import,18.894
2021,Germany,Rep. of Korea,Import,60015.611
2021,Germany,Rep. of Korea,Import,47.234
2021,Germany,Rep. of Korea,Import,197672192.5
2021,Germany,Rep. of Korea,Import,109811907
2021,Germany,Rep. of Korea,Import,757025.189
2021,Germany,Rep. of Korea,Import,65595712.34
2021,Germany,Rep. of Korea,Import,19713592.05
2021,Germany,Rep. of Korea,Import,46278544.04
2021,Germany,Rep. of Korea,Import,2241.257
2021,Germany,Rep. of Korea,Import,673586.201
2021,Germany,Rep. of Korea,Import,54007.437
2021,Germany,Rep. of Korea,Import,507.766
2021,Germany,Rep. of Korea,Import,487.692
2021,Germany,Rep. of Korea,Import,8590655.442
2021,Germany,Rep. of Korea,Import,138067654.5
2021,Germany,Rep. of Korea,Import,3921.609
2021,Germany,Rep. of Korea,Import,4826.141
2021,Germany,Rep. of Korea,Import,3901.534
2021,Germany,Rep. of Korea,Import,1575.256
2021,Germany,Rep. of Korea,Import,140880.342
2021,Germany,Rep. of Korea,Import,3155.236
2021,Germany,Rep. of Korea,Import,5.904
2021,Germany,Rep. of Korea,Import,4703722.361
2021,Germany,Rep. of Korea,Import,11431264130
2021,Germany,Rep. of Korea,Import,221859.615
2021,Germany,Rep. of Korea,Import,2.362
2021,Germany,Rep. of Korea,Import,10462503.91
2021,Germany,Rep. of Korea,Import,8672416.44
2021,Germany,Rep. of Korea,Import,1.181
2021,Germany,Rep. of Korea,Import,1288414.399
2021,Germany,Rep. of Korea,Import,40.149
2021,Germany,Rep. of Korea,Import,4563.992
2021,Germany,Rep. of Korea,Import,312446.299
2021,Germany,Rep. of Korea,Import,32099.094
2021,Germany,Rep. of Korea,Import,1357097.462
2021,Germany,Rep. of Korea,Import,15321.552
2021,Germany,Rep. of Korea,Import,536.107
2021,Germany,Rep. of Korea,Import,508244.515
2021,Germany,Rep. of Korea,Import,3269783.33
2021,Germany,Rep. of Korea,Import,2694669.54
2021,Germany,Rep. of Korea,Import,134025.497
2021,Germany,Rep. of Korea,Import,29278.039
2021,Germany,Rep. of Korea,Import,92569103.26
2021,Germany,Rep. of Korea,Import,97877.262
2021,Germany,Rep. of Korea,Import,3959822.339
2021,Germany,Rep. of Korea,Import,190267.106
2021,Germany,Rep. of Korea,Import,16138418.01
2021,Germany,Rep. of Korea,Import,1229200.586
2021,Germany,Rep. of Korea,Import,2468134.933
2021,Germany,Rep. of Korea,Import,198004291.7
2021,Germany,Rep. of Korea,Import,8829529.951
2021,Germany,Rep. of Korea,Import,349.532
2021,Germany,Rep. of Korea,Import,1685499.43
2021,Germany,Rep. of Korea,Import,154261.754
2021,Germany,Rep. of Korea,Import,63391037.25
2021,Germany,Rep. of Korea,Import,217985.24
2021,Germany,Rep. of Korea,Import,1511091.163
2021,Germany,Rep. of Korea,Import,118447.7
2021,Germany,Rep. of Korea,Import,1226273957
2021,Germany,Rep. of Korea,Import,24855.749
2021,Germany,Rep. of Korea,Import,33078.02
2021,Germany,Rep. of Korea,Import,67461549.09
2021,Germany,Rep. of Korea,Import,8671629.992
2021,Germany,Rep. of Korea,Import,3342.991
2021,Germany,Rep. of Korea,Import,1089.926
2021,Germany,Rep. of Korea,Import,27176.123
2021,Germany,Rep. of Korea,Import,49339616.54
2021,Germany,Rep. of Korea,Import,535311.999
2021,Germany,Rep. of Korea,Import,139808156.9
2021,Germany,Rep. of Korea,Import,152890828
2021,Germany,Rep. of Korea,Import,30550265.38
2021,Germany,Rep. of Korea,Import,168550.061
2021,Germany,Rep. of Korea,Import,14917381994
2021,Germany,Rep. of Korea,Import,2351.076
2021,Germany,Rep. of Korea,Import,125531.63
2021,Germany,Rep. of Korea,Import,253.883
2021,Germany,Rep. of Korea,Import,4.723
2021,Germany,Rep. of Korea,Import,31.883
2021,Germany,Rep. of Korea,Import,493.596
2021,Germany,Rep. of Korea,Import,162.958
2021,Germany,Rep. of Korea,Import,341.266
2021,Germany,Rep. of Korea,Import,210.192
2021,Germany,Rep. of Korea,Import,7185.483
2021,Germany,Rep. of Korea,Import,15.351
2021,Germany,Rep. of Korea,Import,327.096
2021,Germany,Rep. of Korea,Import,419092.566
2021,Germany,Rep. of Korea,Import,1147.788
2021,Germany,Rep. of Korea,Import,56.681
2021,Germany,Rep. of Korea,Import,28.34
2021,Germany,Rep. of Korea,Import,40652.004
2021,Germany,Rep. of Korea,Import,160.596
2021,Germany,Rep. of Korea,Import,207.83
2021,Germany,Rep. of Korea,Import,191.298
2021,Germany,Rep. of Korea,Import,2785.629
2021,Germany,Rep. of Korea,Import,14.17
2021,Germany,Rep. of Korea,Import,10.628
2021,Germany,Rep. of Korea,Import,52889.171
2021,Germany,Rep. of Korea,Import,10656.007
2021,Germany,Rep. of Korea,Import,620183.36
2021,Germany,Rep. of Korea,Import,11610.135
2021,Germany,Rep. of Korea,Import,145.245
2021,Germany,Rep. of Korea,Import,206.649
2021,Germany,Rep. of Korea,Import,1443.001
2021,Germany,Rep. of Korea,Import,168.862
2021,Germany,Rep. of Korea,Import,708.511
2021,Germany,Rep. of Korea,Import,145.245
2021,Germany,Rep. of Korea,Import,2118.448
2021,Germany,Rep. of Korea,Import,2037070.891
2021,Germany,Rep. of Korea,Import,28.34
2021,Germany,Rep. of Korea,Import,17.713
2021,Germany,Rep. of Korea,Import,4345.535
2021,Germany,Rep. of Korea,Import,24.798
2021,Germany,Rep. of Korea,Import,436.915
2021,Germany,Japan,Import,1803.161
2021,Germany,Japan,Import,95835.57
2021,Germany,Japan,Import,26282241.91
2021,Germany,Japan,Import,450737.033
2021,Germany,Japan,Import,19236503354
2021,Germany,Japan,Import,43519277.19
2021,Germany,Japan,Import,517110.35
2021,Germany,Japan,Import,710.873
2021,Germany,Japan,Import,72095.725
2021,Germany,Japan,Import,47.234
2021,Germany,Japan,Import,3339642.522
2021,Germany,Japan,Import,287590160.7
2021,Germany,Japan,Import,15227608.13
2021,Germany,Japan,Import,1297.756
2021,Germany,Japan,Import,1760751.572
2021,Germany,Japan,Import,2862977.527
2021,Germany,Japan,Import,453091.651
2021,Germany,Japan,Import,148108418.4
2021,Germany,Japan,Import,1102.916
2021,Germany,Japan,Import,1001899.605
2021,Germany,Japan,Import,971000.257
2021,Germany,Japan,Import,329.458
2021,Germany,Japan,Import,2269.597
2021,Germany,Japan,Import,691750.064
2021,Germany,Japan,Import,7796344.858
2021,Germany,Japan,Import,264665620.1
2021,Germany,Japan,Import,55191672.4
2021,Germany,Japan,Import,1200.926
2021,Germany,Japan,Import,347780.927
2021,Germany,Japan,Import,736.852
2021,Germany,Japan,Import,22.436
2021,Germany,Japan,Import,380700.713
2021,Germany,Japan,Import,1675.629
2021,Germany,Japan,Import,140095.076
2021,Germany,Japan,Import,234.99
2021,Germany,Japan,Import,8055.771
2021,Germany,Japan,Import,222651.967
2021,Germany,Japan,Import,1959026.034
2021,Germany,Japan,Import,26456.984
2021,Germany,Japan,Import,420.383
2021,Germany,Japan,Import,9.447
2021,Germany,Japan,Import,695.522
2021,Germany,Japan,Import,69594.681
2021,Germany,Japan,Import,2412.48
2021,Germany,Japan,Import,13593061.27
2021,Germany,Japan,Import,2595.512
2021,Germany,Japan,Import,1009.628
2021,Germany,Japan,Import,663.639
2021,Germany,Japan,Import,317.649
2021,Germany,Japan,Import,22430142.77
2021,Germany,Japan,Import,160.596
2021,Germany,Japan,Import,130582249.2
2021,Germany,Japan,Import,2038339.126
2021,Germany,Japan,Import,1230.448
2021,Germany,Japan,Import,3521.3
2021,Germany,Japan,Import,450528.022
2021,Germany,Japan,Import,3185.938
2021,Germany,Japan,Import,5037312.991
2021,Germany,Japan,Import,10927771.33
2021,Germany,Japan,Import,15129998.92
2021,Germany,Japan,Import,4094.013
2021,Germany,Japan,Import,158449647.7
2021,Germany,Japan,Import,1093311.704
2021,Germany,Japan,Import,33292433.51
2021,Germany,Japan,Import,292.851
2021,Germany,Japan,Import,1817010.894
2021,Germany,Japan,Import,35959.299
2021,Germany,Japan,Import,36976439.57
2021,Germany,Japan,Import,10749395.4
2021,Germany,Japan,Import,21977328.62
2021,Germany,Japan,Import,38081.289
2021,Germany,Japan,Import,9.447
2021,Germany,Japan,Import,80554.167
2021,Germany,Japan,Import,216002.59
2021,Germany,Japan,Import,2541365.456
2021,Germany,Japan,Import,3667979225
2021,Germany,Japan,Import,8928.42
2021,Germany,Japan,Import,12987257.15
2021,Germany,Japan,Import,60261.229
2021,Germany,Japan,Import,1254235.824
2021,Germany,Japan,Import,112852.825
2021,Germany,Japan,Import,2489259.19
2021,Germany,Japan,Import,32491.137
2021,Germany,Japan,Import,1301.299
2021,Germany,Japan,Import,641.203
2021,Germany,Japan,Import,38403.662
2021,Germany,Japan,Import,1258.788
2021,Germany,Japan,Import,191.298
2021,Germany,Japan,Import,74180771.72
2021,Germany,Japan,Import,51267810.54
2021,Germany,Japan,Import,3599.236
2021,Germany,Japan,Import,497.139
2021,Germany,Japan,Import,152877.796
2021,Germany,Japan,Import,54375121.65
2021,Germany,Japan,Import,104542169.3
2021,Germany,Japan,Import,9611073.166
2021,Germany,Japan,Import,135340.966
2021,Germany,Japan,Import,50023.244
2021,Germany,Japan,Import,13684420.23
2021,Germany,Japan,Import,268.053
2021,Germany,Japan,Import,129577115.3
2021,Germany,Japan,Import,141639.63
2021,Germany,Japan,Import,61.404
2021,Germany,Japan,Import,21115.992
2021,Germany,Japan,Import,22706.599
2021,Germany,Japan,Import,6201538.388
2021,Germany,Japan,Import,256.245
2021,Germany,Japan,Import,6597.419
2021,Germany,Japan,Import,710.873
2021,Germany,Japan,Import,2142900276
2021,Germany,Japan,Import,922.245
2021,Germany,Japan,Import,6194683.543
2021,Germany,Japan,Import,92102.897
2021,Germany,Japan,Import,4551.003
2021,Germany,Japan,Import,95.649
2021,Germany,Japan,Import,170695.669
2021,Germany,Japan,Import,484.149
2021,Germany,Japan,Import,101669606.8
2021,Germany,Japan,Import,22328.726
2021,Germany,Japan,Import,1.181
2021,Germany,Japan,Import,1097.011
2021,Germany,Japan,Import,779.362
2021,Germany,Japan,Import,21846119.46
2021,Germany,Japan,Import,238271752.3
2021,Germany,Japan,Import,341046407.2
2021,Germany,Japan,Import,3480166.247
2021,Germany,Japan,Import,684030235.7
2021,Germany,Japan,Import,1765504.501
2021,Germany,Japan,Import,28260363734
2021,Germany,Japan,Import,10195.474
2021,Germany,Japan,Import,1479.607
2021,Germany,Japan,Import,1028.522
2021,Germany,Japan,Import,1556.363
2021,Germany,Japan,Import,120.447
2021,Germany,Japan,Import,4300.662
2021,Germany,Japan,Import,127.532
2021,Germany,Japan,Import,90922.045
2021,Germany,Japan,Import,103.915
2021,Germany,Japan,Import,38739.024
2021,Germany,Japan,Import,316836.705
2021,Germany,Japan,Import,351638.769
2021,Germany,Japan,Import,304.66
2021,Germany,Japan,Import,206.649
2021,Germany,Japan,Import,12752794.3
2021,Germany,Japan,Import,49896.892
2021,Germany,Japan,Import,125.17
2021,Germany,Japan,Import,8544703.776
2021,Germany,Japan,Import,8010.899
2021,Germany,Japan,Import,1078.118
2021,Germany,Japan,Import,95.649
2021,Germany,Japan,Import,2397.129
2021,Germany,Japan,Import,5.904
2021,Germany,Japan,Import,259.787
2021,Germany,Japan,Import,36.606
2021,Germany,Japan,Import,35.426
2021,Germany,Japan,Import,47.234
2021,Germany,Japan,Import,64.947
2021,Germany,Japan,Import,413.298
2021,Germany,Japan,Import,465.256
2021,Germany,Japan,Import,174.766
2021,Germany,Japan,Import,426.287
2021,Germany,Japan,Import,288.128
2021,Germany,Japan,Import,86.202
2021,Germany,China,Import,45084358.08
2021,Germany,China,Import,5518212.521
2021,Germany,China,Import,47083109.15
2021,Germany,China,Import,21426803.71
2021,Germany,China,Import,4336104.305
2021,Germany,China,Import,122130.777
2021,Germany,China,Import,108375.035
2021,Germany,China,Import,350431.939
2021,Germany,China,Import,58902.068
2021,Germany,China,Import,64491.04
2021,Germany,China,Import,26187906.02
2021,Germany,China,Import,1.02175E+11
2021,Germany,China,Import,7498.409
2021,Germany,China,Import,55648.821
2021,Germany,China,Import,608693303.8
2021,Germany,China,Import,3368.97
2021,Germany,China,Import,10750.475
2021,Germany,China,Import,13866.743
2021,Germany,China,Import,12039290.58
2021,Germany,China,Import,107651187.9
2021,Germany,China,Import,125911.865
2021,Germany,China,Import,4214648892
2021,Germany,China,Import,119823.393
2021,Germany,China,Import,1205139.55
2021,Germany,China,Import,3821.236
2021,Germany,China,Import,36320936.93
2021,Germany,China,Import,1977.927
2021,Germany,China,Import,59971226.7
2021,Germany,China,Import,9535.378
2021,Germany,China,Import,1580036.376
2021,Germany,China,Import,6451164.552
2021,Germany,China,Import,63770.72
2021,Germany,China,Import,193102.332
2021,Germany,China,Import,5290559.647
2021,Germany,China,Import,2501745.517
2021,Germany,China,Import,83424.817
2021,Germany,China,Import,4084.566
2021,Germany,China,Import,48636329.56
2021,Germany,China,Import,973741.014
2021,Germany,China,Import,43677.346
2021,Germany,China,Import,42753.92
2021,Germany,China,Import,3794.077
2021,Germany,China,Import,92870317.29
2021,Germany,China,Import,193231.044
2021,Germany,China,Import,228314.151
2021,Germany,China,Import,5851.121
2021,Germany,China,Import,4827969.224
2021,Germany,China,Import,20670.811
2021,Germany,China,Import,338846.602
2021,Germany,China,Import,232.628
2021,Germany,China,Import,336368405
2021,Germany,China,Import,3561.449
2021,Germany,China,Import,393941.604
2021,Germany,China,Import,620240.041
2021,Germany,China,Import,206632.531
2021,Germany,China,Import,507268535.9
2021,Germany,China,Import,6909.164
2021,Germany,China,Import,58871.366
2021,Germany,China,Import,29038952.22
2021,Germany,China,Import,17684.436
2021,Germany,China,Import,152914.403
2021,Germany,China,Import,98264715.14
2021,Germany,China,Import,1145348.3
2021,Germany,China,Import,6140485201
2021,Germany,China,Import,122691671.2
2021,Germany,China,Import,39412417.55
2021,Germany,China,Import,3223.725
2021,Germany,China,Import,3578675944
2021,Germany,China,Import,1301172222
2021,Germany,China,Import,366105519.3
2021,Germany,China,Import,1687636798
2021,Germany,China,Import,109225.248
2021,Germany,China,Import,8348365.91
2021,Germany,China,Import,87701.862
2021,Germany,China,Import,78040455.47
2021,Germany,China,Import,240930.372
2021,Germany,China,Import,8477.335
2021,Germany,China,Import,10688403.22
2021,Germany,China,Import,505457.704
2021,Germany,China,Import,194879.513
2021,Germany,China,Import,303846.155
2021,Germany,China,Import,485846.118
2021,Germany,China,Import,13327118.1
2021,Germany,China,Import,231687.845
2021,Germany,China,Import,285.766
2021,Germany,China,Import,5028.067
2021,Germany,China,Import,141562.874
2021,Germany,China,Import,381672.554
2021,Germany,China,Import,1252.884
2021,Germany,China,Import,178726.642
2021,Germany,China,Import,46677942.36
2021,Germany,China,Import,14719.318
2021,Germany,China,Import,191323.969
2021,Germany,China,Import,662.458
2021,Germany,China,Import,1006188.459
2021,Germany,China,Import,38518636.73
2021,Germany,China,Import,12372.965
2021,Germany,China,Import,28178168257
2021,Germany,China,Import,34698.149
2021,Germany,China,Import,4516776.99
2021,Germany,China,Import,1218.639
2021,Germany,China,Import,21235.258
2021,Germany,China,Import,3355347477
2021,Germany,China,Import,4611.226
2021,Germany,China,Import,192624.087
2021,Germany,China,Import,98846.742
2021,Germany,China,Import,50675849.54
2021,Germany,China,Import,31940404.26
2021,Germany,China,Import,8550946054
2021,Germany,China,Import,104791541.6
2021,Germany,China,Import,2818.693
2021,Germany,China,Import,108.638
2021,Germany,China,Import,343.628
2021,Germany,China,Import,1708.693
2021,Germany,China,Import,81358332.53
2021,Germany,China,Import,32437.999
2021,Germany,China,Import,443122.9
2021,Germany,China,Import,8679.261
2021,Germany,China,Import,13151.146
2021,Germany,China,Import,46272.858
2021,Germany,China,Import,432074.851
2021,Germany,China,Import,83024790.73
2021,Germany,China,Import,23489.504
2021,Germany,China,Import,3776.364
2021,Germany,China,Import,445821.147
2021,Germany,China,Import,108216.801
2021,Germany,China,Import,3904310.497
2021,Germany,China,Import,1544945.003
2021,Germany,China,Import,32335.265
2021,Germany,China,Import,7622903.709
2021,Germany,China,Import,1085823.923
2021,Germany,China,Import,914894465.7
2021,Germany,China,Import,316680.833
2021,Germany,China,Import,16673.627
2021,Germany,China,Import,397576226.8
2021,Germany,China,Import,2302.661
2021,Germany,China,Import,5115.45
2021,Germany,China,Import,28689.975
2021,Germany,China,Import,928.15
2021,Germany,China,Import,92215.078
2021,Germany,China,Import,65062.572
2021,Germany,China,Import,1225.724
2021,Germany,China,Import,611735136.6
2021,Germany,China,Import,277297.064
2021,Germany,China,Import,1558949.905
2021,Germany,China,Import,1933.054
2021,Germany,China,Import,1616583.739
2021,Germany,China,Import,1040022096
2021,Germany,China,Import,7141.792
2021,Germany,China,Import,1.181
2021,Germany,China,Import,1723119.006
2021,Germany,China,Import,487.692
2021,Germany,China,Import,18894.809
2021,Germany,China,Import,10148.24
2021,Germany,China,Import,1645479.182
2021,Germany,China,Import,3926.332
2021,Germany,China,Import,105441.799
2021,Germany,China,Import,12358.795
2021,Germany,China,Import,40009.62
2021,Germany,China,Import,595825.93
2021,Germany,China,Import,80578.964
2021,Germany,China,Import,365389.789
2021,Germany,China,Import,58450.983
2021,Germany,China,Import,4625.396
2021,Germany,China,Import,695951140
2021,Germany,China,Import,1046.235
2021,Germany,China,Import,95417.548
2021,Germany,China,Import,97520.645
2021,Germany,China,Import,95744.644
2021,Germany,China,Import,606.958
2021,Germany,China,Import,2569809.814
2021,Germany,China,Import,27225.719
2021,Germany,China,Import,91135.779
2021,Germany,China,Import,627101241
2021,Germany,China,Import,209675.586
2021,Germany,China,Import,765628826.7
2021,Germany,China,Import,19089.65
2021,Germany,China,Import,73398557.79
2021,Germany,China,Import,20424281.79
2021,Germany,China,Import,1003505948
2021,Germany,China,Import,1508125766
2021,Germany,China,Import,678635.524
2021,Germany,China,Import,544585888.6
2021,Germany,China,Import,34.245
2021,Germany,China,Import,1.7064E+11
2021,Germany,China,Import,24778124.85
2021,Germany,China,Import,37803.789
2021,Germany,China,Import,5527.567
2021,Germany,China,Import,1787.81
2021,Germany,China,Import,253800.475
2021,Germany,China,Import,1071.033
2021,Germany,China,Import,233763.782
2021,Germany,China,Import,3176.491
2021,Germany,China,Import,5.904
2021,Germany,China,Import,10.628
2021,Germany,China,Import,85.021
2021,Germany,China,Import,4597.056
2021,Germany,China,Import,151224.604
2021,Germany,China,Import,34247.064
2021,Germany,China,Import,543.192
2021,Germany,China,Import,1507124.682
2021,Germany,China,Import,312.926
2021,Germany,China,Import,10387.953
2021,Germany,China,Import,132.255
2021,Germany,China,Import,116.904
2021,Germany,China,Import,4461.258
2021,Germany,China,Import,2139.703
2021,Germany,China,Import,3586.247
2021,Germany,China,Import,598.692
2021,Germany,China,Import,408.575
2021,Germany,China,Import,9215.367
2021,Germany,China,Import,164133.675
2021,Germany,China,Import,2456.172
2021,Germany,China,Import,309.383
2021,Germany,China,Import,31016.253
2021,Germany,China,Import,520.756
2022,Germany,China,Import,57.18
2022,Germany,China,Import,79053.934
2022,Germany,China,Import,7970110567
2022,Germany,China,Import,325853.67
2022,Germany,China,Import,5307.111
2022,Germany,China,Import,17327.528
2022,Germany,China,Import,1546658.695
2022,Germany,China,Import,6084.33
2022,Germany,China,Import,1427483387
2022,Germany,China,Import,21967.544
2022,Germany,China,Import,1.26924E+11
2022,Germany,China,Import,141746.039
2022,Germany,China,Import,517154.279
2022,Germany,China,Import,4599507.773
2022,Germany,China,Import,444952967.6
2022,Germany,China,Import,114.359
2022,Germany,China,Import,3226.41
2022,Germany,China,Import,345670.627
2022,Germany,China,Import,44807028.13
2022,Germany,China,Import,788.866
2022,Germany,China,Import,5013.801
2022,Germany,China,Import,5096.394
2022,Germany,China,Import,1.059
2022,Germany,China,Import,291653.933
2022,Germany,China,Import,25663.039
2022,Germany,China,Import,1039919679
2022,Germany,China,Import,94.24
2022,Germany,China,Import,280455.208
2022,Germany,China,Import,126826.407
2022,Germany,China,Import,59772258.25
2022,Germany,China,Import,259488.307
2022,Germany,China,Import,1894777.455
2022,Germany,China,Import,2036094.648
2022,Germany,China,Import,11776.874
2022,Germany,China,Import,2844619.08
2022,Germany,China,Import,3056.989
2022,Germany,China,Import,3307.944
2022,Germany,China,Import,291517.338
2022,Germany,China,Import,353801543.2
2022,Germany,China,Import,494347.043
2022,Germany,China,Import,307.075
2022,Germany,China,Import,5472.297
2022,Germany,China,Import,239.307
2022,Germany,China,Import,8137.5
2022,Germany,China,Import,759903004
2022,Germany,China,Import,2282.947
2022,Germany,China,Import,1397842.508
2022,Germany,China,Import,151808.585
2022,Germany,China,Import,101022.537
2022,Germany,China,Import,6282.341
2022,Germany,China,Import,94507.243
2022,Germany,China,Import,88986891.67
2022,Germany,China,Import,2211818.059
2022,Germany,China,Import,32743230.29
2022,Germany,China,Import,77037260.25
2022,Germany,China,Import,130693.44
2022,Germany,China,Import,33151482.9
2022,Germany,China,Import,24185.9
2022,Germany,China,Import,30.708
2022,Germany,China,Import,104689.442
2022,Germany,China,Import,1071534674
2022,Germany,China,Import,1933952.874
2022,Germany,China,Import,6634.948
2022,Germany,China,Import,2872.744
2022,Germany,China,Import,24305750.28
2022,Germany,China,Import,662.859
2022,Germany,China,Import,519.911
2022,Germany,China,Import,5112.277
2022,Germany,China,Import,97230002.43
2022,Germany,China,Import,9317931.054
2022,Germany,China,Import,54819629.56
2022,Germany,China,Import,138293.029
2022,Germany,China,Import,601762737.5
2022,Germany,China,Import,1286.54
2022,Germany,China,Import,2669.439
2022,Germany,China,Import,6320.46
2022,Germany,China,Import,1937621.896
2022,Germany,China,Import,103570.205
2022,Germany,China,Import,9006.841
2022,Germany,China,Import,52614265.38
2022,Germany,China,Import,8743.18
2022,Germany,China,Import,2446162.179
2022,Germany,China,Import,201.187
2022,Germany,China,Import,2814692.987
2022,Germany,China,Import,1359.603
2022,Germany,China,Import,8270067.76
2022,Germany,China,Import,488.144
2022,Germany,China,Import,109788799.6
2022,Germany,China,Import,80213.409
2022,Germany,China,Import,268496.207
2022,Germany,China,Import,9194.263
2022,Germany,China,Import,2603.788
2022,Germany,China,Import,1268364.663
2022,Germany,China,Import,1480.316
2022,Germany,China,Import,83073.446
2022,Germany,China,Import,87975.006
2022,Germany,China,Import,10822.822
2022,Germany,China,Import,77194.539
2022,Germany,China,Import,10179.023
2022,Germany,China,Import,520.969
2022,Germany,China,Import,5952354373
2022,Germany,China,Import,6370.228
2022,Germany,China,Import,7897188426
2022,Germany,China,Import,516.734
2022,Germany,China,Import,12241.723
2022,Germany,China,Import,2201378736
2022,Germany,China,Import,948731.918
2022,Germany,China,Import,8671694.951
2022,Germany,China,Import,4334
2022,Germany,China,Import,3761.145
2022,Germany,China,Import,213.894
2022,Germany,China,Import,50595064.12
2022,Germany,China,Import,2557.197
2022,Germany,China,Import,612582.748
2022,Germany,China,Import,1233575.129
2022,Germany,China,Import,14505.61
2022,Germany,China,Import,7690.652
2022,Germany,China,Import,2427597.878
2022,Germany,China,Import,27469.49
2022,Germany,China,Import,561499855.6
2022,Germany,China,Import,232.954
2022,Germany,China,Import,7830.425
2022,Germany,China,Import,1606761265
2022,Germany,China,Import,95440.117
2022,Germany,China,Import,121950.26
2022,Germany,China,Import,242.484
2022,Germany,China,Import,300580.3
2022,Germany,China,Import,19895348.05
2022,Germany,China,Import,2110.35
2022,Germany,China,Import,1310908.382
2022,Germany,China,Import,493.439
2022,Germany,China,Import,7909.841
2022,Germany,China,Import,180648813.1
2022,Germany,China,Import,1359508.899
2022,Germany,China,Import,1146.768
2022,Germany,China,Import,14401.84
2022,Germany,China,Import,2253689.389
2022,Germany,China,Import,45150.684
2022,Germany,China,Import,117457.428
2022,Germany,China,Import,849863.145
2022,Germany,China,Import,102870.284
2022,Germany,China,Import,328153.56
2022,Germany,China,Import,1006305622
2022,Germany,China,Import,11210.373
2022,Germany,China,Import,73976.6
2022,Germany,China,Import,6523848412
2022,Germany,China,Import,45220.57
2022,Germany,China,Import,2.07813E+11
2022,Germany,China,Import,30044.688
2022,Germany,China,Import,434.141
2022,Germany,China,Import,132837335.2
2022,Germany,China,Import,242224.312
2022,Germany,China,Import,26010.352
2022,Germany,China,Import,430.965
2022,Germany,China,Import,528434.538
2022,Germany,China,Import,3178.761
2022,Germany,China,Import,9503.457
2022,Germany,China,Import,2433.308
2022,Germany,China,Import,40568.906
2022,Germany,China,Import,1986.461
2022,Germany,China,Import,60897429.38
2022,Germany,China,Import,3392699.037
2022,Germany,China,Import,2241.651
2022,Germany,China,Import,118915944.6
2022,Germany,China,Import,295510.378
2022,Germany,China,Import,7540.291
2022,Germany,China,Import,27684.442
2022,Germany,China,Import,105575.725
2022,Germany,China,Import,155841809.8
2022,Germany,China,Import,13305.898
2022,Germany,China,Import,1967.401
2022,Germany,China,Import,1493.022
2022,Germany,China,Import,70172687.53
2022,Germany,China,Import,3367.241
2022,Germany,China,Import,434123.189
2022,Germany,China,Import,820489.787
2022,Germany,China,Import,65676968.09
2022,Germany,China,Import,278950.539
2022,Germany,China,Import,2793.328
2022,Germany,China,Import,349173.405
2022,Germany,China,Import,1912660.896
2022,Germany,China,Import,604590339.3
2022,Germany,China,Import,73321.153
2022,Germany,China,Import,5613670.063
2022,Germany,China,Import,651.212
2022,Germany,China,Import,2134.704
2022,Germany,China,Import,63155740.79
2022,Germany,China,Import,4698735.507
2022,Germany,China,Import,31100600.98
2022,Germany,China,Import,4095128929
2022,Germany,China,Import,624.74
2022,Germany,China,Import,17896.147
2022,Germany,China,Import,811.103
2022,Germany,China,Import,54919.919
2022,Germany,China,Import,1226119.548
2022,Germany,China,Import,3953309.79
2022,Germany,China,Import,27127.471
2022,Germany,China,Import,24797400.35
2022,Germany,China,Import,32068713212
2022,Germany,China,Import,7859532.204
2022,Germany,China,Import,110907819.7
2022,Germany,China,Import,8403.279
2022,Germany,China,Import,18806.785
2022,Germany,China,Import,219349543.7
2022,Germany,China,Import,3190093.815
2022,Germany,China,Import,27294.774
2022,Germany,China,Import,1795980.686
2022,Germany,China,Import,1056224.218
2022,Germany,China,Import,1459615499
2022,Germany,China,Import,585540238.7
2022,Germany,China,Import,1482.433
2022,Germany,China,Import,13898.871
2022,Germany,China,Import,49927344.38
2022,Germany,China,Import,517666655.9
2022,Germany,China,Import,127056.184
2022,Germany,Japan,Import,8.471
2022,Germany,Japan,Import,1.059
2022,Germany,Japan,Import,10094665.76
2022,Germany,Japan,Import,377145.863
2022,Germany,Japan,Import,15.883
2022,Germany,Japan,Import,347.313
2022,Germany,Japan,Import,126842961.5
2022,Germany,Japan,Import,1380.781
2022,Germany,Japan,Import,113527.921
2022,Germany,Japan,Import,50.826
2022,Germany,Japan,Import,141.89
2022,Germany,Japan,Import,1150746.285
2022,Germany,Japan,Import,146.126
2022,Germany,Japan,Import,739.099
2022,Germany,Japan,Import,10259.498
2022,Germany,Japan,Import,21558.816
2022,Germany,Japan,Import,5227746.076
2022,Germany,Japan,Import,2719259.224
2022,Germany,Japan,Import,555439.179
2022,Germany,Japan,Import,128778.983
2022,Germany,Japan,Import,5875421.198
2022,Germany,Japan,Import,262603918.9
2022,Germany,Japan,Import,7596706.304
2022,Germany,Japan,Import,834577.139
2022,Germany,Japan,Import,3381211.237
2022,Germany,Japan,Import,87245.437
2022,Germany,Japan,Import,17507.538
2022,Germany,Japan,Import,2290.359
2022,Germany,Japan,Import,54.003
2022,Germany,Japan,Import,2084.937
2022,Germany,Japan,Import,2506516.275
2022,Germany,Japan,Import,5384.41
2022,Germany,Japan,Import,3505575.746
2022,Germany,Japan,Import,57632.772
2022,Germany,Japan,Import,170215.113
2022,Germany,Japan,Import,56795.198
2022,Germany,Japan,Import,574.972
2022,Germany,Japan,Import,686.155
2022,Germany,Japan,Import,3369205.645
2022,Germany,Japan,Import,15.883
2022,Germany,Japan,Import,134683.304
2022,Germany,Japan,Import,11.648
2022,Germany,Japan,Import,1350.073
2022,Germany,Japan,Import,2222.591
2022,Germany,Japan,Import,176.833
2022,Germany,Japan,Import,3651.022
2022,Germany,Japan,Import,608.857
2022,Germany,Japan,Import,3535731.617
2022,Germany,Japan,Import,178.951
2022,Germany,Japan,Import,443.671
2022,Germany,Japan,Import,6428.466
2022,Germany,Japan,Import,476320.653
2022,Germany,Japan,Import,41.296
2022,Germany,Japan,Import,477.555
2022,Germany,Japan,Import,1074.764
2022,Germany,Japan,Import,105141000.5
2022,Germany,Japan,Import,39991.816
2022,Germany,Japan,Import,8512915.753
2022,Germany,Japan,Import,2.118
2022,Germany,Japan,Import,359929270.3
2022,Germany,Japan,Import,42721.611
2022,Germany,Japan,Import,3280723.435
2022,Germany,Japan,Import,1928.222
2022,Germany,Japan,Import,1032029.847
2022,Germany,Japan,Import,31729.368
2022,Germany,Japan,Import,15600967.42
2022,Germany,Japan,Import,22178.261
2022,Germany,Japan,Import,207285997.9
2022,Germany,Japan,Import,28078.346
2022,Germany,Japan,Import,1495.14
2022,Germany,Japan,Import,84.71
2022,Germany,Japan,Import,78908.867
2022,Germany,Japan,Import,145.067
2022,Germany,Japan,Import,175822314.1
2022,Germany,Japan,Import,60083.023
2022,Germany,Japan,Import,3401422.098
2022,Germany,Japan,Import,712383090
2022,Germany,Japan,Import,33408236.12
2022,Germany,Japan,Import,43027.627
2022,Germany,Japan,Import,447005.534
2022,Germany,Japan,Import,383.315
2022,Germany,Japan,Import,380.138
2022,Germany,Japan,Import,2189855244
2022,Germany,Japan,Import,16923317.01
2022,Germany,Japan,Import,284580825.7
2022,Germany,Japan,Import,165785859.2
2022,Germany,Japan,Import,427227.756
2022,Germany,Japan,Import,23158.785
2022,Germany,Japan,Import,3.177
2022,Germany,Japan,Import,90.005
2022,Germany,Japan,Import,15352820.78
2022,Germany,Japan,Import,41.296
2022,Germany,Japan,Import,2702.264
2022,Germany,Japan,Import,337227.111
2022,Germany,Japan,Import,34902.834
2022,Germany,Japan,Import,160930.845
2022,Germany,Japan,Import,24210192.63
2022,Germany,Japan,Import,1175253.025
2022,Germany,Japan,Import,44.473
2022,Germany,Japan,Import,65510.847
2022,Germany,Japan,Import,432.023
2022,Germany,Japan,Import,127.066
2022,Germany,Japan,Import,21847640.75
2022,Germany,Japan,Import,30528.597
2022,Germany,Japan,Import,44929.378
2022,Germany,Japan,Import,15422339.49
2022,Germany,Japan,Import,11726284.83
2022,Germany,Japan,Import,11330.026
2022,Germany,Japan,Import,44387.231
2022,Germany,Japan,Import,29427791.45
2022,Germany,Japan,Import,116.477
2022,Germany,Japan,Import,235.072
2022,Germany,Japan,Import,9068151.627
2022,Germany,Japan,Import,27567937380
2022,Germany,Japan,Import,97496.463
2022,Germany,Japan,Import,28236.119
2022,Germany,Japan,Import,5178.987
2022,Germany,Japan,Import,42736121.71
2022,Germany,Japan,Import,96.358
2022,Germany,Japan,Import,80251466.9
2022,Germany,Japan,Import,284993.572
2022,Germany,Japan,Import,17860291653
2022,Germany,Japan,Import,2515529.47
2022,Germany,Japan,Import,821.692
2022,Germany,Japan,Import,31.766
2022,Germany,Japan,Import,60.356
2022,Germany,Japan,Import,24999766.27
2022,Germany,Japan,Import,671.331
2022,Germany,Japan,Import,847.105
2022,Germany,Japan,Import,587.679
2022,Germany,Japan,Import,230878.402
2022,Germany,Japan,Import,22635.698
2022,Germany,Japan,Import,610561.345
2022,Germany,Japan,Import,21434995.9
2022,Germany,Japan,Import,809495.426
2022,Germany,Japan,Import,3896819369
2022,Germany,Japan,Import,1042.998
2022,Germany,Japan,Import,15707978.98
2022,Germany,Japan,Import,920.168
2022,Germany,Japan,Import,168651.146
2022,Germany,Japan,Import,65936425.69
2022,Germany,Japan,Import,1556.555
2022,Germany,Japan,Import,17933.208
2022,Germany,Japan,Import,16257492.66
2022,Germany,Japan,Import,1077545.845
2022,Germany,Japan,Import,67.768
2022,Germany,Japan,Import,854.517
2022,Germany,Japan,Import,394.963
2022,Germany,Japan,Import,35314.739
2022,Germany,Japan,Import,15012.814
2022,Germany,Japan,Import,231664.092
2022,Germany,Japan,Import,32580.708
2022,Germany,Japan,Import,47826201.62
2022,Germany,Japan,Import,237532.41
2022,Germany,Japan,Import,185081847.8
2022,Germany,Japan,Import,276349319.2
2022,Germany,Japan,Import,161460753
2022,Germany,Japan,Import,9835185.927
2022,Germany,Japan,Import,1874170.573
2022,Germany,Japan,Import,7564.646
2022,Germany,Japan,Import,74.122
2022,Germany,Japan,Import,100.594
2022,Germany,Rep. of Korea,Import,3864.915
2022,Germany,Rep. of Korea,Import,24667.691
2022,Germany,Rep. of Korea,Import,7513.819
2022,Germany,Rep. of Korea,Import,564746402.6
2022,Germany,Rep. of Korea,Import,126.007
2022,Germany,Rep. of Korea,Import,120941212.2
2022,Germany,Rep. of Korea,Import,1252208.257
2022,Germany,Rep. of Korea,Import,80738.614
2022,Germany,Rep. of Korea,Import,78622162.55
2022,Germany,Rep. of Korea,Import,57.18
2022,Germany,Rep. of Korea,Import,1844.571
2022,Germany,Rep. of Korea,Import,8389.514
2022,Germany,Rep. of Korea,Import,12.707
2022,Germany,Rep. of Korea,Import,19.06
2022,Germany,Rep. of Korea,Import,30.708
2022,Germany,Rep. of Korea,Import,354.725
2022,Germany,Rep. of Korea,Import,63.533
2022,Germany,Rep. of Korea,Import,45205.746
2022,Germany,Rep. of Korea,Import,47029834.2
2022,Germany,Rep. of Korea,Import,3808.795
2022,Germany,Rep. of Korea,Import,168280.537
2022,Germany,Rep. of Korea,Import,89369.552
2022,Germany,Rep. of Korea,Import,97511.288
2022,Germany,Rep. of Korea,Import,39047495.1
2022,Germany,Rep. of Korea,Import,79377651.87
2022,Germany,Rep. of Korea,Import,69593.892
2022,Germany,Rep. of Korea,Import,90527455.44
2022,Germany,Rep. of Korea,Import,1159515982
2022,Germany,Rep. of Korea,Import,8909.424
2022,Germany,Rep. of Korea,Import,160703.185
2022,Germany,Rep. of Korea,Import,121040.681
2022,Germany,Rep. of Korea,Import,331.43
2022,Germany,Rep. of Korea,Import,10.589
2022,Germany,Rep. of Korea,Import,234667.078
2022,Germany,Rep. of Korea,Import,3592599.877
2022,Germany,Rep. of Korea,Import,3600319.119
2022,Germany,Rep. of Korea,Import,721.098
2022,Germany,Rep. of Korea,Import,11.648
2022,Germany,Rep. of Korea,Import,390422.113
2022,Germany,Rep. of Korea,Import,330.371
2022,Germany,Rep. of Korea,Import,6951.553
2022,Germany,Rep. of Korea,Import,4225577.731
2022,Germany,Rep. of Korea,Import,483.909
2022,Germany,Rep. of Korea,Import,25724159.43
2022,Germany,Rep. of Korea,Import,70195288.29
2022,Germany,Rep. of Korea,Import,120.712
2022,Germany,Rep. of Korea,Import,530988.559
2022,Germany,Rep. of Korea,Import,444784.002
2022,Germany,Rep. of Korea,Import,7769.01
2022,Germany,Rep. of Korea,Import,2967805.055
2022,Germany,Rep. of Korea,Import,27152944.56
2022,Germany,Rep. of Korea,Import,1236.773
2022,Germany,Rep. of Korea,Import,10542.219
2022,Germany,Rep. of Korea,Import,9046862.825
2022,Germany,Rep. of Korea,Import,100218.846
2022,Germany,Rep. of Korea,Import,3032.635
2022,Germany,Rep. of Korea,Import,63426.969
2022,Germany,Rep. of Korea,Import,4.236
2022,Germany,Rep. of Korea,Import,12056441.79
2022,Germany,Rep. of Korea,Import,21219.974
2022,Germany,Rep. of Korea,Import,2728.736
2022,Germany,Rep. of Korea,Import,3035683.559
2022,Germany,Rep. of Korea,Import,12614132.15
2022,Germany,Rep. of Korea,Import,2165145.764
2022,Germany,Rep. of Korea,Import,2884834.32
2022,Germany,Rep. of Korea,Import,870.4
2022,Germany,Rep. of Korea,Import,14182165764
2022,Germany,Rep. of Korea,Import,207645955
2022,Germany,Rep. of Korea,Import,1949.4
2022,Germany,Rep. of Korea,Import,21.178
2022,Germany,Rep. of Korea,Import,9269090.17
2022,Germany,Rep. of Korea,Import,167933473.1
2022,Germany,Rep. of Korea,Import,21498511.81
2022,Germany,Rep. of Korea,Import,16992773.24
2022,Germany,Rep. of Korea,Import,29570600.6
2022,Germany,Rep. of Korea,Import,841031.019
2022,Germany,Rep. of Korea,Import,6660.361
2022,Germany,Rep. of Korea,Import,21315700.25
2022,Germany,Rep. of Korea,Import,2331.656
2022,Germany,Rep. of Korea,Import,24064.128
2022,Germany,Rep. of Korea,Import,49528.098
2022,Germany,Rep. of Korea,Import,18.001
2022,Germany,Rep. of Korea,Import,69.886
2022,Germany,Rep. of Korea,Import,10.589
2022,Germany,Rep. of Korea,Import,12.707
2022,Germany,Rep. of Korea,Import,4940.739
2022,Germany,Rep. of Korea,Import,168357110.2
2022,Germany,Rep. of Korea,Import,145741673.8
2022,Germany,Rep. of Korea,Import,25950927.26
2022,Germany,Rep. of Korea,Import,1446.431
2022,Germany,Rep. of Korea,Import,596.15
2022,Germany,Rep. of Korea,Import,801640.648
2022,Germany,Rep. of Korea,Import,19748.13
2022,Germany,Rep. of Korea,Import,3161699.922
2022,Germany,Rep. of Korea,Import,8053.849
2022,Germany,Rep. of Korea,Import,420282.556
2022,Germany,Rep. of Korea,Import,132.36
2022,Germany,Rep. of Korea,Import,2119560.939
2022,Germany,Rep. of Korea,Import,163.068
2022,Germany,Rep. of Korea,Import,2739.325
2022,Germany,Rep. of Korea,Import,207754.56
2022,Germany,Rep. of Korea,Import,10461415603
2022,Germany,Rep. of Korea,Import,26378.842
2022,Germany,Rep. of Korea,Import,296.487
2022,Germany,Rep. of Korea,Import,11714.4
2022,Germany,Rep. of Korea,Import,59369111.56
2022,Germany,Rep. of Korea,Import,6190.218
2022,Germany,Rep. of Korea,Import,15.883
2022,Germany,Rep. of Korea,Import,728941.058
2022,Germany,Rep. of Korea,Import,212234.685
2022,Germany,Rep. of Korea,Import,889.46
2022,Germany,Rep. of Korea,Import,1765.155
2022,Germany,Rep. of Korea,Import,273.191
2022,Germany,Rep. of Korea,Import,56.121
2022,Germany,Rep. of Korea,Import,303466.809
2022,Germany,Rep. of Korea,Import,1185.947
2022,Germany,Rep. of Korea,Import,4485.42
2022,Germany,Rep. of Korea,Import,226246.857
2022,Germany,Rep. of Korea,Import,8144.912
2022,Germany,Rep. of Korea,Import,136.596
2022,Germany,Rep. of Korea,Import,110787287.3
2022,Germany,Rep. of Korea,Import,2443586.98
2022,Germany,Rep. of Korea,Import,16673.139
2022,Germany,Rep. of Korea,Import,8.471
2022,Germany,Rep. of Korea,Import,75307009.6
2022,Germany,Rep. of Korea,Import,7247233.235
2022,Germany,Rep. of Korea,Import,24178.488
2022,Germany,Rep. of Korea,Import,848084.225
2022,Germany,Rep. of Korea,Import,688.273
2022,Germany,Rep. of Korea,Import,278186864.1
2022,Germany,Rep. of Korea,Import,835.457
2022,Germany,Rep. of Korea,Import,729.569
2022,Germany,Netherlands,Import,15294370.55
2022,Germany,Netherlands,Import,282730236.4
2022,Germany,Netherlands,Import,11.648
2022,Germany,Netherlands,Import,57.18
2022,Germany,Netherlands,Import,99.535
2022,Germany,Netherlands,Import,6108.684
2022,Germany,Netherlands,Import,5843.964
2022,Germany,Netherlands,Import,19.06
2022,Germany,Netherlands,Import,166.244
2022,Germany,Netherlands,Import,1112.884
2022,Germany,Netherlands,Import,117.536
2022,Germany,Netherlands,Import,141463020.7
2022,Germany,Netherlands,Import,31732.544
2022,Germany,Netherlands,Import,167621416.7
2022,Germany,Netherlands,Import,2.118
2022,Germany,Netherlands,Import,3198245.08
2022,Germany,Netherlands,Import,17559.423
2022,Germany,Netherlands,Import,347445.312
2022,Germany,Netherlands,Import,1302.424
2022,Germany,Netherlands,Import,1.1419E+11
2022,Germany,Netherlands,Import,65.651
2022,Germany,Netherlands,Import,22521189.62
2022,Germany,Netherlands,Import,1342.661
2022,Germany,Netherlands,Import,44087927.25
2022,Germany,Netherlands,Import,204139827.5
2022,Germany,Netherlands,Import,81.534
2022,Germany,Netherlands,Import,65.651
2022,Germany,Netherlands,Import,916.991
2022,Germany,Netherlands,Import,520.969
2022,Germany,Netherlands,Import,836.516
2022,Germany,Netherlands,Import,72269037.8
2022,Germany,Netherlands,Import,1280373.432
2022,Germany,Netherlands,Import,3868214.941
2022,Germany,Netherlands,Import,163.068
2022,Germany,Netherlands,Import,1395673.919
2022,Germany,Netherlands,Import,1419722.165
2022,Germany,Netherlands,Import,333.547
2022,Germany,Netherlands,Import,87.887
2022,Germany,Netherlands,Import,1066384.18
2022,Germany,Netherlands,Import,93743046.05
2022,Germany,Netherlands,Import,6220295.547
2022,Germany,Netherlands,Import,17574.247
2022,Germany,Netherlands,Import,2.118
2022,Germany,Netherlands,Import,186063.384
2022,Germany,Netherlands,Import,308151.299
2022,Germany,Netherlands,Import,292167.491
2022,Germany,Netherlands,Import,80.475
2022,Germany,Netherlands,Import,22.236
2022,Germany,Netherlands,Import,2.118
2022,Germany,Netherlands,Import,18.001
2022,Germany,Netherlands,Import,936150712.9
2022,Germany,Netherlands,Import,735.922
2022,Germany,Netherlands,Import,2549.785
2022,Germany,Netherlands,Import,7954.314
2022,Germany,Netherlands,Import,86.828
2022,Germany,Netherlands,Import,13569693.85
2022,Germany,Netherlands,Import,687604.464
2022,Germany,Netherlands,Import,3266090.759
2022,Germany,Netherlands,Import,241100.839
2022,Germany,Netherlands,Import,206021.172
2022,Germany,Netherlands,Import,2983188.477
2022,Germany,Netherlands,Import,159.891
2022,Germany,Netherlands,Import,60989396.37
2022,Germany,Netherlands,Import,12.707
2022,Germany,Netherlands,Import,416.14
2022,Germany,Netherlands,Import,35453.452
2022,Germany,Netherlands,Import,11.648
2022,Germany,Netherlands,Import,1.11646E+11
2022,Germany,Netherlands,Import,72351.218
2022,Germany,Netherlands,Import,13996626.18
2022,Germany,Netherlands,Import,3.177
2022,Germany,Netherlands,Import,25381.376
2022,Germany,Netherlands,Import,20993284.77
2022,Germany,Netherlands,Import,18490791.18
2022,Germany,Netherlands,Import,14400198.54
2022,Germany,Netherlands,Import,4072.456
2022,Germany,Netherlands,Import,116855.984
2022,Germany,Netherlands,Import,245.66
2022,Germany,Netherlands,Import,421032.243
2022,Germany,Netherlands,Import,97.417
2022,Germany,Netherlands,Import,2.118
2022,Germany,Netherlands,Import,134833551.3
2022,Germany,Netherlands,Import,22732926.64
2022,Germany,Netherlands,Import,17957026.24
2022,Germany,Netherlands,Import,579.208
2022,Germany,Netherlands,Import,77956.933
2022,Germany,Netherlands,Import,8.471
2022,Germany,Netherlands,Import,9397448.778
2022,Germany,Netherlands,Import,13.765
2022,Germany,Netherlands,Import,544939.315
2022,Germany,Netherlands,Import,3383049.455
2022,Germany,Netherlands,Import,12195.132
2022,Germany,Netherlands,Import,4950.268
2022,Germany,Netherlands,Import,416626.24
2022,Germany,Netherlands,Import,112.241
2022,Germany,Netherlands,Import,16713189.49
2022,Germany,Netherlands,Import,257261.48
2022,Germany,Netherlands,Import,2.118
2022,Germany,Netherlands,Import,8413.868
2022,Germany,Netherlands,Import,328.253
2022,Germany,Netherlands,Import,8438.222
2022,Germany,Netherlands,Import,177989506.7
2022,Germany,Netherlands,Import,18.001
2022,Germany,Netherlands,Import,1951.518
2022,Germany,Netherlands,Import,7854543.816
2022,Germany,Netherlands,Import,948439.667
2022,Germany,Netherlands,Import,2790.151
2022,Germany,Netherlands,Import,2662.027
2022,Germany,Netherlands,Import,391136.857
2022,Germany,Netherlands,Import,59504.874
2022,Germany,Netherlands,Import,14205.947
2022,Germany,Netherlands,Import,2222.591
2020,Germany,Netherlands,Import,965.544
2020,Germany,Netherlands,Import,12.569
2020,Germany,Netherlands,Import,37580.805
2020,Germany,Netherlands,Import,2625.823
2020,Germany,Netherlands,Import,3349.124
2020,Germany,Netherlands,Import,28.566
2020,Germany,Netherlands,Import,3838.181
2020,Germany,Netherlands,Import,127068507.1
2020,Germany,Netherlands,Import,120818.706
2020,Germany,Netherlands,Import,772864.926
2020,Germany,Netherlands,Import,159165.09
2020,Germany,Netherlands,Import,52567.878
2020,Germany,Netherlands,Import,115404426.8
2020,Germany,Netherlands,Import,509.624
2020,Germany,Netherlands,Import,2.285
2020,Germany,Netherlands,Import,21015416.04
2020,Germany,Netherlands,Import,137386715.9
2020,Germany,Netherlands,Import,132.548
2020,Germany,Netherlands,Import,74332247.53
2020,Germany,Netherlands,Import,10615054.81
2020,Germany,Netherlands,Import,1865626.612
2020,Germany,Netherlands,Import,1.143
2020,Germany,Netherlands,Import,86797257113
2020,Germany,Netherlands,Import,640950511.5
2020,Germany,Netherlands,Import,2.285
2020,Germany,Netherlands,Import,6294.891
2020,Germany,Netherlands,Import,94824.43
2020,Germany,Netherlands,Import,14744311.03
2020,Germany,Netherlands,Import,6615.977
2020,Germany,Netherlands,Import,10834744.09
2020,Germany,Netherlands,Import,36427826.46
2020,Germany,Netherlands,Import,379040.623
2020,Germany,Netherlands,Import,113610404.8
2020,Germany,Netherlands,Import,130728699.7
2020,Germany,Netherlands,Import,1052549.346
2020,Germany,Netherlands,Import,2586339.587
2020,Germany,Netherlands,Import,33148.443
2020,Germany,Netherlands,Import,68413296.46
2020,Germany,Netherlands,Import,1018117.7
2020,Germany,Netherlands,Import,333726.324
2020,Germany,Netherlands,Import,5692451.564
2020,Germany,Netherlands,Import,14646160.33
2020,Germany,Netherlands,Import,28941.185
2020,Germany,Netherlands,Import,580250.874
2020,Germany,Netherlands,Import,34973948.99
2020,Germany,Netherlands,Import,2.285
2020,Germany,Netherlands,Import,2877202.608
2020,Germany,Netherlands,Import,18681298.28
2020,Germany,Netherlands,Import,1.143
2020,Germany,Netherlands,Import,117043.371
2020,Germany,Netherlands,Import,11134.038
2020,Germany,Netherlands,Import,32742.801
2020,Germany,Netherlands,Import,68792.447
2020,Germany,Netherlands,Import,39867.259
2020,Germany,Netherlands,Import,1175905.89
2020,Germany,Netherlands,Import,9.141
2020,Germany,Netherlands,Import,1909085.238
2020,Germany,Netherlands,Import,41432.697
2020,Germany,Netherlands,Import,5420854.861
2020,Germany,Netherlands,Import,2929828.761
2020,Germany,Netherlands,Import,23411.874
2020,Germany,Netherlands,Import,711410.614
2020,Germany,Netherlands,Import,165809.633
2020,Germany,Netherlands,Import,88520864360
2020,Germany,Netherlands,Import,76179086.59
2020,Germany,Netherlands,Import,202060.387
2020,Germany,Netherlands,Import,1.143
2020,Germany,Netherlands,Import,9852505.783
2020,Germany,Netherlands,Import,2167739.079
2020,Germany,Netherlands,Import,12542094.6
2020,Germany,Netherlands,Import,450516.025
2020,Germany,Netherlands,Import,4492.922
2020,Germany,Netherlands,Import,8046.582
2020,Germany,Netherlands,Import,356.509
2020,Germany,Netherlands,Import,66069.498
2020,Germany,Netherlands,Import,11786.494
2020,Germany,Netherlands,Import,10798.097
2020,Germany,Netherlands,Import,1750.549
2020,Germany,Netherlands,Import,108932.801
2020,Germany,Netherlands,Import,44.564
2020,Germany,Netherlands,Import,8026.014
2020,Germany,Netherlands,Import,44.564
2020,Germany,Netherlands,Import,8288.825
2020,Germany,Netherlands,Import,25.138
2020,Germany,Netherlands,Import,186.253
2020,Germany,Netherlands,Import,83572.699
2020,Germany,Netherlands,Import,45.706
2020,Germany,Netherlands,Import,543.904
2020,Germany,Netherlands,Import,5066.536
2020,Germany,Netherlands,Import,21704668.27
2020,Germany,Rep. of Korea,Import,3.428
2020,Germany,Rep. of Korea,Import,848.993
2020,Germany,Rep. of Korea,Import,1897.951
2020,Germany,Rep. of Korea,Import,30.852
2020,Germany,Rep. of Korea,Import,59151.86
2020,Germany,Rep. of Korea,Import,430566.398
2020,Germany,Rep. of Korea,Import,515781.094
2020,Germany,Rep. of Korea,Import,2261.316
2020,Germany,Rep. of Korea,Import,48385.758
2020,Germany,Rep. of Korea,Import,425.068
2020,Germany,Rep. of Korea,Import,61.703
2020,Germany,Rep. of Korea,Import,1004.394
2020,Germany,Rep. of Korea,Import,7490.108
2020,Germany,Rep. of Korea,Import,199.965
2020,Germany,Rep. of Korea,Import,179387235.6
2020,Germany,Rep. of Korea,Import,183.968
2020,Germany,Rep. of Korea,Import,100.554
2020,Germany,Rep. of Korea,Import,11286455.34
2020,Germany,Rep. of Korea,Import,35085.245
2020,Germany,Rep. of Korea,Import,114.266
2020,Germany,Rep. of Korea,Import,20762.055
2020,Germany,Rep. of Korea,Import,1293.486
2020,Germany,Rep. of Korea,Import,70210118.05
2020,Germany,Rep. of Korea,Import,5216172.079
2020,Germany,Rep. of Korea,Import,16866918.64
2020,Germany,Rep. of Korea,Import,1683.132
2020,Germany,Rep. of Korea,Import,2219150.589
2020,Germany,Rep. of Korea,Import,1542.585
2020,Germany,Rep. of Korea,Import,1.143
2020,Germany,Rep. of Korea,Import,804842.147
2020,Germany,Rep. of Korea,Import,1688316.149
2020,Germany,Rep. of Korea,Import,252.527
2020,Germany,Rep. of Korea,Import,184386346.5
2020,Germany,Rep. of Korea,Import,329720.173
2020,Germany,Rep. of Korea,Import,143557918.5
2020,Germany,Rep. of Korea,Import,744581.91
2020,Germany,Rep. of Korea,Import,60644298.88
2020,Germany,Rep. of Korea,Import,1590047558
2020,Germany,Rep. of Korea,Import,400346.582
2020,Germany,Rep. of Korea,Import,109282.453
2020,Germany,Rep. of Korea,Import,29793558.03
2020,Germany,Rep. of Korea,Import,1814405.926
2020,Germany,Rep. of Korea,Import,1096273.068
2020,Germany,Rep. of Korea,Import,1701228.159
2020,Germany,Rep. of Korea,Import,880.988
2020,Germany,Rep. of Korea,Import,5993943.569
2020,Germany,Rep. of Korea,Import,319295.724
2020,Germany,Rep. of Korea,Import,6610144.678
2020,Germany,Rep. of Korea,Import,995929.61
2020,Germany,Rep. of Korea,Import,10414.165
2020,Germany,Rep. of Korea,Import,132149.28
2020,Germany,Rep. of Korea,Import,24637.943
2020,Germany,Rep. of Korea,Import,10103251.3
2020,Germany,Rep. of Korea,Import,307393068.9
2020,Germany,Rep. of Korea,Import,17389796.77
2020,Germany,Rep. of Korea,Import,275.38
2020,Germany,Rep. of Korea,Import,7796.34
2020,Germany,Rep. of Korea,Import,31953.225
2020,Germany,Rep. of Korea,Import,52388737.92
2020,Germany,Rep. of Korea,Import,1497237.826
2020,Germany,Rep. of Korea,Import,1167.794
2020,Germany,Rep. of Korea,Import,2829769.825
2020,Germany,Rep. of Korea,Import,3274797.675
2020,Germany,Rep. of Korea,Import,5.713
2020,Germany,Rep. of Korea,Import,1129596.337
2020,Germany,Rep. of Korea,Import,59500974.68
2020,Germany,Rep. of Korea,Import,268.524
2020,Germany,Rep. of Korea,Import,114575732.9
2020,Germany,Rep. of Korea,Import,11479.12
2020,Germany,Rep. of Korea,Import,50351031.93
2020,Germany,Rep. of Korea,Import,24738.497
2020,Germany,Rep. of Korea,Import,86425654.35
2020,Germany,Rep. of Korea,Import,40387233.76
2020,Germany,Rep. of Korea,Import,5876.679
2020,Germany,Rep. of Korea,Import,63667.636
2020,Germany,Rep. of Korea,Import,45877.628
2020,Germany,Rep. of Korea,Import,3812435.488
2020,Germany,Rep. of Korea,Import,367.935
2020,Germany,Rep. of Korea,Import,157.686
2020,Germany,Rep. of Korea,Import,7226420.059
2020,Germany,Rep. of Korea,Import,99.411
2020,Germany,Rep. of Korea,Import,194982.777
2020,Germany,Rep. of Korea,Import,7012286.372
2020,Germany,Rep. of Korea,Import,904559.429
2020,Germany,Rep. of Korea,Import,502.769
2020,Germany,Rep. of Korea,Import,31301.912
2020,Germany,Rep. of Korea,Import,32737850.53
2020,Germany,Rep. of Korea,Import,48013.252
2020,Germany,Rep. of Korea,Import,1792664.615
2020,Germany,Rep. of Korea,Import,3361.693
2020,Germany,Rep. of Korea,Import,11900.76
2020,Germany,Rep. of Korea,Import,3645.072
2020,Germany,Rep. of Korea,Import,170864.742
2020,Germany,Rep. of Korea,Import,4066284.461
2020,Germany,Rep. of Korea,Import,6182.91
2020,Germany,Rep. of Korea,Import,75657.523
2020,Germany,Rep. of Korea,Import,23201643.29
2020,Germany,Rep. of Korea,Import,2471.564
2020,Germany,Rep. of Korea,Import,9244103046
2020,Germany,Rep. of Korea,Import,1285892.219
2020,Germany,Rep. of Korea,Import,12681849728
2020,Germany,Rep. of Korea,Import,67364363.62
2020,Germany,Rep. of Korea,Import,39701842.56
2020,Germany,Rep. of Korea,Import,147390824.7
2020,Germany,Rep. of Korea,Import,32830866.14
2020,Germany,Rep. of Korea,Import,1385412.964
2020,Germany,Rep. of Korea,Import,1145761.488
2020,Germany,Rep. of Korea,Import,134.833
2020,Germany,Rep. of Korea,Import,411.356
2020,Germany,Rep. of Korea,Import,1221.499
2020,Germany,Rep. of Korea,Import,34892.136
2020,Germany,Rep. of Korea,Import,212.534
2020,Germany,Rep. of Korea,Import,18.282
2020,Germany,Rep. of Korea,Import,6.856
2020,Germany,Rep. of Korea,Import,11143.179
2020,Germany,Rep. of Korea,Import,93.698
2020,Germany,Rep. of Korea,Import,34.28
2020,Germany,Rep. of Korea,Import,60696.731
2020,Germany,Rep. of Korea,Import,60.561
2020,Germany,Rep. of Korea,Import,5990.944
2020,Germany,Rep. of Korea,Import,1.143
2020,Germany,Rep. of Korea,Import,76.558
2020,Germany,Rep. of Korea,Import,447.921
2020,Germany,Rep. of Korea,Import,14.855
2020,Germany,Rep. of Korea,Import,73.13
2020,Germany,Rep. of Korea,Import,151670.411
2020,Germany,Rep. of Korea,Import,101.696
2020,Germany,Rep. of Korea,Import,373.648
2020,Germany,Rep. of Korea,Import,34.28
2020,Germany,Rep. of Korea,Import,3357.123
2020,Germany,Rep. of Korea,Import,46845.458
2020,Germany,Rep. of Korea,Import,68.559
2020,Germany,Rep. of Korea,Import,4063.284
2020,Germany,Rep. of Korea,Import,746.154
2020,Germany,Rep. of Korea,Import,2841.785
2020,Germany,Rep. of Korea,Import,5635.578
2020,Germany,Rep. of Korea,Import,116.551
2020,Germany,Rep. of Korea,Import,42457.66
2020,Germany,Rep. of Korea,Import,2879.492
2020,Germany,Rep. of Korea,Import,100.554
2020,Germany,Japan,Import,31609.286
2020,Germany,Japan,Import,14.855
2020,Germany,Japan,Import,30.852
2020,Germany,Japan,Import,6.856
2020,Germany,Japan,Import,3162.871
2020,Germany,Japan,Import,5365.911
2020,Germany,Japan,Import,975.828
2020,Germany,Japan,Import,8339459.315
2020,Germany,Japan,Import,11.427
2020,Germany,Japan,Import,2993602260
2020,Germany,Japan,Import,149.688
2020,Germany,Japan,Import,890846.417
2020,Germany,Japan,Import,13096025.54
2020,Germany,Japan,Import,2176831638
2020,Germany,Japan,Import,242421677.8
2020,Germany,Japan,Import,18183306.05
2020,Germany,Japan,Import,209.106
2020,Germany,Japan,Import,460914.193
2020,Germany,Japan,Import,142.832
2020,Germany,Japan,Import,17834.571
2020,Germany,Japan,Import,705378.534
2020,Germany,Japan,Import,215942.512
2020,Germany,Japan,Import,19004.65
2020,Germany,Japan,Import,9191485.145
2020,Germany,Japan,Import,114339236.3
2020,Germany,Japan,Import,23.996
2020,Germany,Japan,Import,32290.309
2020,Germany,Japan,Import,51.42
2020,Germany,Japan,Import,436044.29
2020,Germany,Japan,Import,9758.28
2020,Germany,Japan,Import,502.769
2020,Germany,Japan,Import,8931292.147
2020,Germany,Japan,Import,10894.08
2020,Germany,Japan,Import,321.086
2020,Germany,Japan,Import,14122.082
2020,Germany,Japan,Import,1870226.944
2020,Germany,Japan,Import,713259.431
2020,Germany,Japan,Import,12325335.09
2020,Germany,Japan,Import,247668.349
2020,Germany,Japan,Import,2507548.902
2020,Germany,Japan,Import,18.282
2020,Germany,Japan,Import,15045.348
2020,Germany,Japan,Import,193129.39
2020,Germany,Japan,Import,103855.981
2020,Germany,Japan,Import,148019.626
2020,Germany,Japan,Import,69112.39
2020,Germany,Japan,Import,68632.475
2020,Germany,Japan,Import,58232.022
2020,Germany,Japan,Import,5679507.559
2020,Germany,Japan,Import,493.627
2020,Germany,Japan,Import,222.818
2020,Germany,Japan,Import,720362.179
2020,Germany,Japan,Import,14267985.84
2020,Germany,Japan,Import,155053038.8
2020,Germany,Japan,Import,106533353.8
2020,Germany,Japan,Import,78243454.18
2020,Germany,Japan,Import,3651.928
2020,Germany,Japan,Import,41908311.95
2020,Germany,Japan,Import,48482.883
2020,Germany,Japan,Import,14.855
2020,Germany,Japan,Import,33069.6
2020,Germany,Japan,Import,12158418.22
2020,Germany,Japan,Import,483969.558
2020,Germany,Japan,Import,106299683
2020,Germany,Japan,Import,33259248.92
2020,Germany,Japan,Import,171.398
2020,Germany,Japan,Import,46919.73
2020,Germany,Japan,Import,65053269.23
2020,Germany,Japan,Import,273.095
2020,Germany,Japan,Import,3378192.023
2020,Germany,Japan,Import,185.11
2020,Germany,Japan,Import,1512.876
2020,Germany,Japan,Import,106869734.5
2020,Germany,Japan,Import,156670.673
2020,Germany,Japan,Import,38381057.06
2020,Germany,Japan,Import,51.42
2020,Germany,Japan,Import,2305678.196
2020,Germany,Japan,Import,1849.96
2020,Germany,Japan,Import,42499732.29
2020,Germany,Japan,Import,294695.489
2020,Germany,Japan,Import,3375858.72
2020,Germany,Japan,Import,499.341
2020,Germany,Japan,Import,109.695
2020,Germany,Japan,Import,181.682
2020,Germany,Japan,Import,19423741.14
2020,Germany,Japan,Import,537.048
2020,Germany,Japan,Import,28975.465
2020,Germany,Japan,Import,29.709
2020,Germany,Japan,Import,497153.52
2020,Germany,Japan,Import,527.907
2020,Germany,Japan,Import,253469.612
2020,Germany,Japan,Import,3728034.363
2020,Germany,Japan,Import,23.996
2020,Germany,Japan,Import,69454.044
2020,Germany,Japan,Import,841965.889
2020,Germany,Japan,Import,6853570.345
2020,Germany,Japan,Import,1508.306
2020,Germany,Japan,Import,1278.632
2020,Germany,Japan,Import,851089.996
2020,Germany,Japan,Import,49203.899
2020,Germany,Japan,Import,17227.821
2020,Germany,Japan,Import,205.678
2020,Germany,Japan,Import,2.285
2020,Germany,Japan,Import,1856.816
2020,Germany,Japan,Import,467.346
2020,Germany,Japan,Import,3721.63
2020,Germany,Japan,Import,373095.385
2020,Germany,Japan,Import,27960270.87
2020,Germany,Japan,Import,73871.552
2020,Germany,Japan,Import,141170.547
2020,Germany,Japan,Import,22.853
2020,Germany,Japan,Import,2.285
2020,Germany,Japan,Import,1.143
2020,Germany,Japan,Import,11113.47
2020,Germany,Japan,Import,879.845
2020,Germany,Japan,Import,16282288392
2020,Germany,Japan,Import,1022.677
2020,Germany,Japan,Import,348823866.1
2020,Germany,Japan,Import,231.959
2020,Germany,Japan,Import,149.688
2020,Germany,Japan,Import,298.233
2020,Germany,Japan,Import,1650842.754
2020,Germany,Japan,Import,1367477.839
2020,Germany,Japan,Import,1085.523
2020,Germany,Japan,Import,1731.123
2020,Germany,Japan,Import,44741.829
2020,Germany,Japan,Import,9778142.89
2020,Germany,Japan,Import,26477821.29
2020,Germany,Japan,Import,5567.019
2020,Germany,Japan,Import,8944706.926
2020,Germany,Japan,Import,7395554.821
2020,Germany,Japan,Import,58837343.07
2020,Germany,Japan,Import,15060.203
2020,Germany,Japan,Import,9937.677
2020,Germany,Japan,Import,115157.989
2020,Germany,Japan,Import,24470396119
2020,Germany,Japan,Import,326507548
2020,Germany,Japan,Import,909469.42
2020,Germany,Japan,Import,585019304.2
2020,Germany,Japan,Import,4308965.117
2020,Germany,Japan,Import,304614193
2020,Germany,Japan,Import,15173006.9
2020,Germany,Japan,Import,170.256
2020,Germany,Japan,Import,36721.528
2020,Germany,Japan,Import,178.254
2020,Germany,Japan,Import,7204.445
2020,Germany,Japan,Import,116.551
2020,Germany,Japan,Import,1.143
2020,Germany,Japan,Import,634.174
2020,Germany,Japan,Import,25626.341
2020,Germany,Japan,Import,964.401
2020,Germany,Japan,Import,193.109
2020,Germany,Japan,Import,134.833
2020,Germany,Japan,Import,57.133
2020,Germany,Japan,Import,3554498.092
2020,Germany,Japan,Import,18282.492
2020,Germany,Japan,Import,242.243
2020,Germany,Japan,Import,199.965
2020,Germany,Japan,Import,417.069
2020,Germany,Japan,Import,3125.163
2020,Germany,Japan,Import,4873.427
2020,Germany,Japan,Import,5656.146
2020,Germany,Japan,Import,87114.932
2020,Germany,Japan,Import,571.328
2020,Germany,Japan,Import,647.886
2020,Germany,Japan,Import,364.507
2020,Germany,Japan,Import,46.849
2020,Germany,China,Import,1015.821
2020,Germany,China,Import,4183.263
2020,Germany,China,Import,1.143
2020,Germany,China,Import,195.394
2020,Germany,China,Import,99.411
2020,Germany,China,Import,7807.767
2020,Germany,China,Import,110.838
2020,Germany,China,Import,12948.575
2020,Germany,China,Import,345.082
2020,Germany,China,Import,491857273.7
2020,Germany,China,Import,30278909.06
2020,Germany,China,Import,40832.803
2020,Germany,China,Import,6362.307
2020,Germany,China,Import,10381.027
2020,Germany,China,Import,25169.278
2020,Germany,China,Import,117752597
2020,Germany,China,Import,239595847.8
2020,Germany,China,Import,329680.18
2020,Germany,China,Import,251751.057
2020,Germany,China,Import,309674.563
2020,Germany,China,Import,58482.264
2020,Germany,China,Import,4887584273
2020,Germany,China,Import,16826.749
2020,Germany,China,Import,693845.71
2020,Germany,China,Import,220495.995
2020,Germany,China,Import,954537343.5
2020,Germany,China,Import,675852.31
2020,Germany,China,Import,585360.83
2020,Germany,China,Import,6637804829
2020,Germany,China,Import,10720.396
2020,Germany,China,Import,377160.954
2020,Germany,China,Import,74215120.74
2020,Germany,China,Import,25474.367
2020,Germany,China,Import,1564.296
2020,Germany,China,Import,465833227.3
2020,Germany,China,Import,251055.18
2020,Germany,China,Import,26622.736
2020,Germany,China,Import,1387140.66
2020,Germany,China,Import,5873.251
2020,Germany,China,Import,525.622
2020,Germany,China,Import,8324.247
2020,Germany,China,Import,2003548975
2020,Germany,China,Import,26665536.78
2020,Germany,China,Import,812.428
2020,Germany,China,Import,34880.709
2020,Germany,China,Import,44077.946
2020,Germany,China,Import,478.773
2020,Germany,China,Import,4524.917
2020,Germany,China,Import,1802811.398
2020,Germany,China,Import,628723.473
2020,Germany,China,Import,152815.352
2020,Germany,China,Import,17855.139
2020,Germany,China,Import,238422615.8
2020,Germany,China,Import,5870445.335
2020,Germany,China,Import,438.78
2020,Germany,China,Import,6083118.709
2020,Germany,China,Import,49248.463
2020,Germany,China,Import,29656.487
2020,Germany,China,Import,34097673.72
2020,Germany,China,Import,11817.346
2020,Germany,China,Import,492.485
2020,Germany,China,Import,9422.339
2020,Germany,China,Import,513.052
2020,Germany,China,Import,89979599.4
2020,Germany,China,Import,51180891.38
2020,Germany,China,Import,299956027.7
2020,Germany,China,Import,65869552.79
2020,Germany,China,Import,79327.733
2020,Germany,China,Import,10703.256
2020,Germany,China,Import,7858.044
2020,Germany,China,Import,42108.007
2020,Germany,China,Import,6414.869
2020,Germany,China,Import,180661.873
2020,Germany,China,Import,74047397.16
2020,Germany,China,Import,84026998052
2020,Germany,China,Import,1511.734
2020,Germany,China,Import,858.134
2020,Germany,China,Import,731431691
2020,Germany,China,Import,3200.579
2020,Germany,China,Import,470.774
2020,Germany,China,Import,84655.937
2020,Germany,China,Import,32500.557
2020,Germany,China,Import,4085773.597
2020,Germany,China,Import,66564.268
2020,Germany,China,Import,13524.473
2020,Germany,China,Import,1391.755
2020,Germany,China,Import,6698174.877
2020,Germany,China,Import,9342527.096
2020,Germany,China,Import,357104054.8
2020,Germany,China,Import,8580.202
2020,Germany,China,Import,30282430.73
2020,Germany,China,Import,12736.041
2020,Germany,China,Import,3314.844
2020,Germany,China,Import,335664.268
2020,Germany,China,Import,45706.23
2020,Germany,China,Import,27593.994
2020,Germany,China,Import,446.778
2020,Germany,China,Import,97640877.67
2020,Germany,China,Import,5014820.139
2020,Germany,China,Import,3288.563
2020,Germany,China,Import,666018.614
2020,Germany,China,Import,961512.819
2020,Germany,China,Import,737769211.7
2020,Germany,China,Import,1868265.004
2020,Germany,China,Import,382562392.9
2020,Germany,China,Import,7660.364
2020,Germany,China,Import,5467.608
2020,Germany,China,Import,610.178
2020,Germany,China,Import,19511839257
2020,Germany,China,Import,9952.532
2020,Germany,China,Import,1651498.638
2020,Germany,China,Import,3084.028
2020,Germany,China,Import,31526013.83
2020,Germany,China,Import,112486.46
2020,Germany,China,Import,81058.856
2020,Germany,China,Import,19755.375
2020,Germany,China,Import,31567.008
2020,Germany,China,Import,20766.626
2020,Germany,China,Import,2443630924
2020,Germany,China,Import,532.478
2020,Germany,China,Import,85779.167
2020,Germany,China,Import,7137.028
2020,Germany,China,Import,4575.194
2020,Germany,China,Import,147613.983
2020,Germany,China,Import,75280.446
2020,Germany,China,Import,49289.598
2020,Germany,China,Import,2784542.368
2020,Germany,China,Import,187185.294
2020,Germany,China,Import,354.223
2020,Germany,China,Import,1803.111
2020,Germany,China,Import,664889.67
2020,Germany,China,Import,2506376079
2020,Germany,China,Import,215.962
2020,Germany,China,Import,77754.296
2020,Germany,China,Import,602764.62
2020,Germany,China,Import,57822.952
2020,Germany,China,Import,8524.212
2020,Germany,China,Import,20682.069
2020,Germany,China,Import,13005316.96
2020,Germany,China,Import,3050.891
2020,Germany,China,Import,40615.699
2020,Germany,China,Import,381961.251
2020,Germany,China,Import,8479.648
2020,Germany,China,Import,2507318.086
2020,Germany,China,Import,27424395.03
2020,Germany,China,Import,32661.672
2020,Germany,China,Import,2159.619
2020,Germany,China,Import,126345.732
2020,Germany,China,Import,429840423.6
2020,Germany,China,Import,191535.385
2020,Germany,China,Import,42282635.69
2020,Germany,China,Import,12602813.04
2020,Germany,China,Import,1026342.536
2020,Germany,China,Import,76866.452
2020,Germany,China,Import,674450.271
2020,Germany,China,Import,516.48
2020,Germany,China,Import,36754971.09
2020,Germany,China,Import,24211.733
2020,Germany,China,Import,282066.857
2020,Germany,China,Import,39714506.61
2020,Germany,China,Import,8094.573
2020,Germany,China,Import,20266401.77
2020,Germany,China,Import,12450217.08
2020,Germany,China,Import,117934.643
2020,Germany,China,Import,2970840.961
2020,Germany,China,Import,110169.154
2020,Germany,China,Import,162965.563
2020,Germany,China,Import,41550.391
2020,Germany,China,Import,9102679.083
2020,Germany,China,Import,827.283
2020,Germany,China,Import,25218086.75
2020,Germany,China,Import,81572612.56
2020,Germany,China,Import,14985.93
2020,Germany,China,Import,884087.608
2020,Germany,China,Import,1451.173
2020,Germany,China,Import,496578.764
2020,Germany,China,Import,41248099.17
2020,Germany,China,Import,125972.083
2020,Germany,China,Import,3223042098
2020,Germany,China,Import,876109.586
2020,Germany,China,Import,26798.705
2020,Germany,China,Import,154320.23
2020,Germany,China,Import,523805.965
2020,Germany,China,Import,45699954.54
2020,Germany,China,Import,1954855.457
2020,Germany,China,Import,1.34919E+11
2020,Germany,China,Import,1252120942
2020,Germany,China,Import,635819383.8
2020,Germany,China,Import,18250302.25
2020,Germany,China,Import,14487747.11
2020,Germany,China,Import,42.278
2020,Germany,China,Import,28736208.39
2020,Germany,China,Import,745467474.4
2020,Germany,China,Import,450741747.7
2020,Germany,China,Import,3249.713
2020,Germany,China,Import,242.243
2020,Germany,China,Import,424101.252
2020,Germany,China,Import,765.579
2020,Germany,China,Import,25.138
2020,Germany,China,Import,491.342
2020,Germany,China,Import,78459.314
2020,Germany,China,Import,7838.618
2020,Germany,China,Import,1143.798
2020,Germany,China,Import,25369.243
2020,Germany,China,Import,14.855
2020,Germany,China,Import,78.843
2020,Germany,China,Import,250335.307
2020,Germany,China,Import,1680312.988
2020,Germany,China,Import,1538.015
2020,Germany,China,Import,137.119
2020,Germany,China,Import,119.979
2020,Germany,China,Import,1729.981
2019,Germany,Netherlands,Import,97401236643
2019,Germany,Rep. of Korea,Import,13679719504
2019,Germany,China,Import,1.24354E+11
2019,Germany,Japan,Import,27563238917
2019,China,Japan,Import,1.71769E+11
2019,China,Netherlands,Import,11202229065
2019,China,Rep. of Korea,Import,1.73559E+11
2020,China,Japan,Import,1.74655E+11
2020,China,Netherlands,Import,12789316578
2020,China,Rep. of Korea,Import,1.731E+11
2021,China,Rep. of Korea,Import,2.13217E+11
2021,China,Japan,Import,2.04964E+11
2021,China,Netherlands,Import,14004461696
2022,China,Netherlands,Import,12516338240
2022,China,Japan,Import,1.84497E+11
2022,China,Rep. of Korea,Import,1.99667E+11
2023,China,Netherlands,Import,16900891367
2023,China,Japan,Import,1.60476E+11
2023,China,Rep. of Korea,Import,1.61739E+11
2019,USA,Rep. of Korea,Import,79948144100
2019,USA,China,Import,4.72465E+11
2019,USA,Netherlands,Import,30883263358
2019,USA,Japan,Import,1.46974E+11
2020,USA,Rep. of Korea,Import,78292069677
2020,USA,China,Import,4.57164E+11
2020,USA,Japan,Import,1.22484E+11
2020,USA,Netherlands,Import,28204641888
2021,USA,China,Import,5.41531E+11
2021,USA,Netherlands,Import,36249608571
2021,USA,Japan,Import,1.3939E+11
2021,USA,Rep. of Korea,Import,98808173989
2022,USA,Rep. of Korea,Import,1.20859E+11
2022,USA,Netherlands,Import,35602485839
2022,USA,China,Import,5.75688E+11
2022,USA,Japan,Import,1.54445E+11
2023,USA,China,Import,4.48017E+11
2023,USA,Japan,Import,1.51581E+11
2023,USA,Rep. of Korea,Import,1.19716E+11
2023,USA,Netherlands,Import,39317066639
